food_id,food_name,category,calories_per_100g,protein_g,carbs_g,fat_g,fiber_g,sugar_g,sodium_mg,potassium_mg,calcium_mg,iron_mg,vitamin_c_mg,vitamin_d_iu,cholesterol_mg,saturated_fat_g,glycemic_index,purine_mg,oxalate_mg,contains_gluten,contains_dairy,contains_nuts,contains_eggs,contains_shellfish,contains_fish,contains_soy,contains_sesame,contains_peanuts,contains_sulfites,is_vegetarian,is_vegan,cuisine_type,meal_type,disease_score
F077,Bottle Gourd (Lauki),Vegetable Dishes,14.0,0.6,3.4,0.0,0.5,2.3,2.0,150,26.0,0.2,10.0,0.0,0.0,0.0,15,0.0,0,False,False,False,False,False,False,False,False,False,False,True,True,Indian,lunch_dinner,80
F039,Carrot,Vegetable Dishes,41.0,0.9,10.0,0.2,2.8,4.7,69.0,320,33.0,0.3,5.9,0.0,0.0,0.0,39,0.0,35,False,False,False,False,False,False,False,False,False,False,True,True,Western,lunch_dinner,80
F029,Apple,Fruits,52.0,0.3,14.0,0.2,2.4,10.0,1.0,107,6.0,0.1,4.6,0.0,0.0,0.0,36,0.0,0,False,False,False,False,False,False,False,False,False,False,True,True,Western,snack,80
F001,White Rice,Breads & Flatbreads,130.0,2.7,28.2,0.3,0.4,0.1,1.0,35,10.0,0.2,0.0,0.0,0.0,0.1,72,7.0,0,False,False,False,False,False,False,False,False,False,False,True,True,Asian,lunch_dinner,70
F090,Green Tea,Beverages,1.0,0.0,0.2,0.0,0.0,0.0,1.0,27,1.0,0.1,0.0,0.0,0.0,0.0,15,0.0,55,False,False,False,False,False,False,False,False,False,False,True,True,Asian,breakfast_snack,60
N421,Cauliflower canjee (Phoolgobhi ki canjee),Indian Foods,6.9,0.4,0.4,0.4,0.5,0.1,41.4,20,6.3,0.22,7.9,0.0,0.0,0.1,15,2.0,0,False,False,False,False,False,False,False,False,False,False,True,True,Indian,lunch_dinner,60
N009,Cumin infused water (Jeere/Zeere ka pani),Indian Foods,9.1,0.2,1.9,0.1,0.5,1.5,189.6,24,10.8,0.32,3.6,0.0,0.0,0.0,15,0.0,0,False,False,False,False,False,False,False,False,False,False,True,True,Indian,lunch_dinner,60
N004,Iced tea,Beverages,10.3,0.0,2.7,0.0,0.0,2.7,0.2,26,1.2,0.02,6.0,0.0,0.0,0.0,15,0.0,55,False,False,False,False,False,False,False,False,False,False,True,True,Indian,breakfast_snack,60
N791,Pickled cabbage,Accompaniments,13.7,0.4,2.6,0.1,0.6,2.1,121.4,29,16.0,0.19,16.6,0.0,0.0,0.0,15,0.0,0,False,False,False,False,False,False,False,False,False,False,True,True,Indian,condiment,60
F042,Cucumber,Vegetable Dishes,15.0,0.7,3.6,0.1,0.5,1.7,2.0,147,16.0,0.3,2.8,0.0,0.0,0.0,15,0.0,0,False,False,False,False,False,False,False,False,False,False,True,True,Western,snack,60
N412,Steeped hot coffee,Beverages,15.9,0.4,3.0,0.3,0.0,3.0,2.8,31,10.4,0.06,0.3,0.0,0.0,0.1,15,0.0,0,False,False,False,False,False,False,False,False,False,False,True,True,Indian,breakfast_snack,60
N789,Small onion pickle,Accompaniments,16.9,1.6,2.8,0.6,1.1,3.0,249.5,38,32.0,1.2,19.4,0.0,0.0,0.2,15,0.0,0,False,False,False,False,False,False,False,False,False,False,True,True,Indian,condiment,60
N443,Cold tomato soup,Soups,16.9,0.1,0.6,1.6,0.2,0.2,287.2,21,4.2,0.1,10.1,0.0,0.0,0.5,15,0.0,50,False,False,False,False,False,False,False,False,False,False,True,True,Continental,lunch_dinner,60
F078,Bitter Gourd (Karela),Vegetable Dishes,17.0,1.0,3.7,0.2,2.8,1.7,5.0,296,19.0,0.4,84.0,0.0,0.0,0.0,15,0.0,0,False,False,False,False,False,False,False,False,False,False,True,True,Indian,lunch_dinner,60
N894,Tomato puree,Indian Foods,20.6,0.8,3.7,0.2,1.6,2.3,245.0,36,8.9,0.22,18.0,0.0,0.0,0.1,15,0.0,50,False,False,False,False,False,False,False,False,False,False,True,True,Indian,lunch_dinner,60
E060,Gundruk,Accompaniments,22.0,2.5,3.5,0.2,2.8,1.2,385.0,185,52.0,1.8,22.5,0.0,0.0,0.1,10,0.0,0,False,False,False,False,False,False,False,False,False,False,True,True,Nepali/Sikkimese,condiment,60
F074,Mushroom,Vegetable Dishes,22.0,3.1,3.3,0.3,1.0,1.7,5.0,318,3.0,0.5,2.1,446.0,0.0,0.1,10,12.0,0,False,False,False,False,False,False,False,False,False,False,True,True,Western,lunch_dinner,60
F217,Jaljeera,Beverages,22.0,0.5,4.8,0.2,0.5,2.5,285.0,85,18.0,0.5,5.5,0.0,0.0,0.0,15,0.0,0,False,False,False,False,False,False,False,False,False,False,True,True,Indian,breakfast_snack,60
N858,Bottle gourd soup (Ghiya/Lauki soup),Soups,23.0,0.4,1.2,1.8,1.0,0.4,53.8,26,15.1,0.26,6.0,0.0,0.0,0.5,15,0.0,0,False,False,False,False,False,False,False,False,False,False,True,True,Continental,lunch_dinner,60
N002,Instant coffee,Beverages,23.2,0.6,3.6,0.8,0.0,3.6,4.9,35,20.9,0.06,1.5,0.0,0.0,0.2,15,0.0,0,False,False,False,False,False,False,False,False,False,False,True,True,Indian,breakfast_snack,60
N480,Moong dal with vadi,Dals & Legumes,24.1,0.4,1.0,2.0,0.4,0.4,112.4,25,3.0,0.18,10.2,0.0,0.0,0.6,30,2.0,0,False,False,False,False,False,False,False,False,False,False,True,True,Indian,lunch_dinner,60
N411,Kashmiri tea (Kehwa),Beverages,24.9,0.2,5.2,0.5,0.2,5.1,0.3,39,3.2,0.07,0.1,0.0,0.0,0.2,15,0.0,55,False,False,False,False,False,False,False,False,False,False,True,True,Kashmiri,breakfast_snack,60
N481,Rasam with tamarind (Puli rasam/ Chintapandu rasam/ Charu/Saaru),Soups,26.7,1.1,3.4,0.9,1.6,0.8,104.1,38,16.6,0.59,17.3,0.0,0.0,0.3,15,0.0,0,False,False,False,False,False,False,False,False,False,False,True,True,Tamil Nadu,lunch_dinner,60
F124,Rasam,Vegetable Dishes,28.0,1.2,4.8,0.5,1.2,2.2,380.0,185,22.0,0.8,12.5,0.0,0.0,0.1,15,35.0,0,False,False,False,False,False,False,False,False,False,False,True,True,South Indian,lunch_dinner,60
F043,Bell Pepper,Vegetable Dishes,31.0,1.0,6.0,0.3,2.1,4.2,4.0,211,7.0,0.4,127.7,0.0,0.0,0.0,40,0.0,0,False,False,False,False,False,False,False,False,False,False,True,True,Western,lunch_dinner,60
N064,Hot and sour soup,Soups,31.5,3.1,1.8,1.3,0.6,0.7,163.3,45,10.7,0.43,24.6,0.0,0.0,0.4,25,0.0,0,False,False,False,False,False,False,False,False,False,False,True,True,Continental,lunch_dinner,60
F032,Strawberry,Fruits,32.0,0.7,7.7,0.3,2.0,4.9,1.0,153,16.0,0.4,58.8,0.0,0.0,0.0,40,0.0,1,False,False,False,False,False,False,False,False,False,False,True,True,Western,snack,60
N135,Sprouted moong dal chat,Dals & Legumes,32.5,1.4,6.0,0.3,1.4,1.6,87.1,50,16.5,0.88,38.8,0.0,0.0,0.1,30,7.0,0,False,False,False,False,False,False,False,False,False,False,True,True,Indian,lunch_dinner,60
N900,Tomato ketchup,Indian Foods,33.1,0.9,6.5,0.3,1.9,4.7,178.0,49,15.3,0.36,18.0,0.0,0.0,0.1,15,0.0,50,False,False,False,False,False,False,False,False,False,False,True,True,Indian,lunch_dinner,60
N893,Tomato sauce,Indian Foods,34.3,0.8,7.2,0.3,1.8,5.7,174.8,51,13.0,0.31,18.0,0.0,0.0,0.1,15,0.0,50,False,False,False,False,False,False,False,False,False,False,True,True,Indian,lunch_dinner,60
F079,Drumstick (Moringa),Vegetable Dishes,37.0,2.1,8.5,0.2,3.2,0.0,42.0,461,30.0,0.4,141.0,0.0,0.0,0.0,15,0.0,0,False,False,False,False,False,False,False,False,False,False,True,True,Indian,lunch_dinner,60
N220,Sprouted moong salad,Dals & Legumes,37.8,2.3,5.5,0.7,1.0,2.1,116.4,54,54.6,1.45,27.8,0.0,0.0,0.2,30,12.0,0,False,False,False,False,False,False,False,False,False,False,True,True,Indian,lunch_dinner,60
E064,Moringa Soup,Soups,38.0,2.5,5.5,0.5,2.8,1.5,285.0,385,85.0,1.8,105.0,0.0,0.0,0.1,20,0.0,0,False,False,False,False,False,False,False,False,False,False,True,True,South Indian,breakfast_snack,60
N176,Baked brinjal in tomato sauce,Indian Foods,38.6,1.6,4.1,1.6,2.3,2.2,79.7,46,26.2,0.32,68.4,0.0,0.0,0.5,15,0.0,50,False,False,False,False,False,False,False,False,False,False,True,True,Indian,lunch_dinner,60
F058,Idli,Indian Foods,39.0,2.0,7.8,0.1,0.5,0.1,197.0,108,14.0,0.5,0.0,0.0,0.0,0.0,35,0.0,0,False,False,False,False,False,False,True,False,False,False,True,True,Indian,breakfast,60
N860,Pumpkin soup,Soups,40.0,0.5,2.1,3.2,1.2,1.5,45.5,33,12.2,0.19,11.5,0.0,0.0,1.0,40,0.0,0,False,False,False,False,False,False,False,False,False,False,True,True,Continental,lunch_dinner,60
N540,Broccoli delight,Indian Foods,40.7,2.5,2.3,2.5,2.8,1.1,59.3,45,27.0,0.71,79.0,0.0,0.0,0.7,15,0.0,0,False,False,False,False,False,False,False,False,False,False,True,True,Indian,lunch_dinner,60
E048,Khar,Vegetable Dishes,42.0,1.5,6.5,1.2,2.8,1.5,580.0,185,22.0,0.8,5.5,0.0,0.0,0.3,20,0.0,0,False,False,False,False,False,False,False,False,False,False,True,True,Assamese,lunch_dinner,60
F192,Mint Chutney,Indian Foods,42.0,2.2,6.5,0.8,3.2,1.5,285.0,285,52.0,3.2,22.5,0.0,0.0,0.2,10,0.0,0,False,False,False,False,False,False,False,False,False,False,True,True,Indian,condiment,60
N636,Mint tomato chutney (Pudinay aur tamatar ki chutney),Vegetable Dishes,43.6,1.5,8.2,0.4,2.6,5.5,184.0,60,47.6,2.06,4.1,0.0,0.0,0.1,15,0.0,50,False,False,False,False,False,False,False,False,False,False,True,True,Indian,lunch_dinner,60
N896,Dal moong,Dals & Legumes,43.7,2.2,4.9,1.6,1.1,0.1,117.7,53,7.7,0.52,0.0,0.0,0.0,0.5,30,11.0,0,False,False,False,False,False,False,False,False,False,False,True,True,Indian,lunch_dinner,60
N635,Tomato ginger chutney (Tamatar adarak ki chutney),Vegetable Dishes,44.7,1.0,9.1,0.3,2.1,6.3,209.4,60,23.6,1.08,3.6,0.0,0.0,0.1,15,0.0,50,False,False,False,False,False,False,False,False,False,False,True,True,Indian,lunch_dinner,60
F094,Sprouts (mixed),Dals & Legumes,45.0,4.5,6.3,0.4,1.8,0.0,14.0,253,24.0,1.5,12.4,0.0,0.0,0.1,25,0.0,0,False,False,False,False,False,False,False,False,False,False,True,True,Indian,breakfast_snack,60
F030,Orange,Fruits,47.0,0.9,12.0,0.1,2.4,9.0,0.0,181,40.0,0.1,53.2,0.0,0.0,0.0,40,0.0,0,False,False,False,False,False,False,False,False,False,False,True,True,Western,snack,60
N498,Spinach mushroom (Palak mushroom),Vegetable Dishes,47.6,1.9,3.0,3.0,2.3,1.0,71.0,45,49.8,1.69,60.2,200.0,0.0,0.9,15,8.0,750,False,False,False,False,False,False,False,False,False,False,True,True,Indian,lunch_dinner,60
F219,Sol Kadhi,Beverages,48.0,0.8,4.5,2.5,0.5,1.5,185.0,285,18.0,0.5,5.5,0.0,0.0,0.5,15,0.0,0,False,False,False,False,False,False,False,False,False,False,True,True,Konkan,breakfast_snack,60
F080,Fenugreek Leaves (Methi),Vegetable Dishes,49.0,4.4,6.0,0.9,2.7,0.0,76.0,770,395.0,1.9,3.0,0.0,0.0,0.1,15,0.0,380,False,False,False,False,False,False,False,False,False,False,True,True,Indian,lunch_dinner,60
N117,Washed moong dal (Dhuli moong ki dal),Dals & Legumes,50.0,2.7,5.9,1.7,1.2,0.1,150.6,60,8.5,0.64,0.0,0.0,0.0,0.5,30,14.0,0,False,False,False,False,False,False,False,False,False,False,True,True,Indian,lunch_dinner,60
N561,Tomato aspic,Indian Foods,50.4,6.9,5.0,0.3,1.6,3.2,98.2,81,44.3,1.18,35.9,0.0,0.0,0.1,15,0.0,50,False,False,False,False,False,False,False,False,False,False,True,True,Indian,lunch_dinner,60
N003,Espreso coffee,Beverages,51.5,1.8,6.6,2.1,0.0,6.5,14.0,58,58.1,0.15,1.5,0.0,0.0,0.6,15,0.0,0,False,False,False,False,False,False,False,False,False,False,True,True,Indian,breakfast_snack,60
N568,Spinach raita (Palak ka raita),Dairy & Paneer,52.8,4.0,5.1,1.9,1.4,4.0,126.6,66,143.0,1.61,32.9,0.0,0.0,0.6,15,16.0,750,False,False,False,False,False,False,False,False,False,False,True,True,Indian,lunch_dinner,60
N479,Arhar with spinach (Arhar dal aur palak),Dals & Legumes,52.8,2.0,4.8,2.8,1.3,0.2,110.0,53,21.8,0.89,18.8,0.0,0.0,0.8,30,10.0,750,False,False,False,False,False,False,False,False,False,False,True,True,Indian,lunch_dinner,60
N122,Whole moong (Moong ki dal),Dals & Legumes,53.7,2.2,5.2,2.6,2.0,0.6,123.9,56,13.6,0.68,11.0,0.0,0.0,0.8,30,11.0,0,False,False,False,False,False,False,False,False,False,False,True,True,Indian,lunch_dinner,60
N125,Whole urad (Urad ki dal),Dals & Legumes,53.8,2.2,5.0,2.6,2.3,0.6,126.1,55,13.1,0.78,10.3,0.0,0.0,0.8,30,11.0,0,False,False,False,False,False,False,False,False,False,False,True,True,Indian,lunch_dinner,60
N123,Whole masoor (Masoor ki dal),Dals & Legumes,54.0,2.3,5.4,2.5,2.0,0.7,123.7,57,12.2,0.95,11.0,0.0,0.0,0.8,30,12.0,0,False,False,False,False,False,False,False,False,False,False,True,True,Indian,lunch_dinner,60
N569,Bathua raita,Dairy & Paneer,54.4,4.1,5.3,1.8,2.2,4.1,110.9,67,206.3,1.46,43.6,0.0,0.0,0.5,30,0.0,0,False,False,False,False,False,False,False,False,False,False,True,True,Indian,lunch_dinner,60
E032,Keerai Masiyal,Vegetable Dishes,55.0,3.5,6.5,1.8,3.8,1.2,285.0,420,148.0,3.5,32.5,0.0,0.0,0.3,15,0.0,0,False,False,False,False,False,False,False,False,False,False,True,True,Tamil Nadu,lunch_dinner,60
F098,Sambhar,Indian Foods,55.0,3.2,8.7,1.0,2.5,2.0,425.0,290,52.0,1.8,12.0,0.0,0.0,0.2,30,80.0,0,False,False,False,False,False,False,False,False,False,False,True,True,Indian,lunch_dinner,60
N124,Whole moth (Moth ki dal),Dals & Legumes,55.0,2.0,5.7,2.6,1.8,0.7,125.1,57,19.0,0.95,11.0,0.0,0.0,0.8,30,10.0,0,False,False,False,False,False,False,False,False,False,False,True,True,Indian,lunch_dinner,60
N882,Vegetable soup,Soups,55.2,2.2,7.6,1.6,3.0,1.6,170.7,64,18.1,0.63,0.0,0.0,0.0,0.5,25,0.0,0,False,False,False,False,False,False,False,False,False,False,True,True,Continental,lunch_dinner,60
N868,Horsegram dal (Kulthi dal),Dals & Legumes,55.6,2.9,8.2,1.1,1.5,0.7,63.6,70,38.2,1.3,14.0,0.0,0.0,0.3,30,14.0,0,False,False,False,False,False,False,False,False,False,False,True,True,Indian,lunch_dinner,60
N566,Pumpkin raita (Kaddu ka raita),Dairy & Paneer,55.6,3.7,6.0,1.9,1.0,5.5,129.1,68,130.1,0.33,7.1,0.0,0.0,0.6,40,0.0,0,False,False,False,False,False,False,False,False,False,False,True,True,Indian,lunch_dinner,60
N230,Bottle gourd raita (Ghiya/Lauki ka raita),Dairy & Paneer,56.3,4.0,5.8,2.1,0.8,5.2,188.4,69,138.3,0.23,4.8,0.0,0.0,0.6,15,0.0,0,False,False,False,False,False,False,False,False,False,False,True,True,Indian,lunch_dinner,60
N232,Carrot and spinach raita (Gajar aur palak ka raita),Dairy & Paneer,56.8,4.0,5.8,2.0,1.4,4.9,180.8,69,142.6,1.04,19.3,0.0,0.0,0.6,40,16.0,750,False,False,False,False,False,False,False,False,False,False,True,True,Indian,lunch_dinner,60
E043,Rugra (Mushroom) Sabzi,Vegetable Dishes,58.0,3.5,7.5,1.5,2.8,1.5,185.0,285,52.0,1.5,2.5,200.0,0.0,0.3,15,14.0,0,False,False,False,False,False,False,False,False,False,False,True,True,Jharkhand,lunch_dinner,60
F180,Bamboo Shoot Curry,Indian Foods,58.0,2.5,8.5,1.5,3.8,2.2,285.0,325,22.0,1.2,5.5,0.0,0.0,0.3,20,0.0,0,False,False,False,False,False,False,False,False,False,False,True,True,Northeast Indian,lunch_dinner,60
N172,Cauliflower musallam (Phoolgobhi musallam),Indian Foods,58.8,1.9,4.5,3.6,3.1,1.7,123.4,53,24.6,0.83,71.4,0.0,0.0,1.1,15,8.0,0,False,False,False,False,False,False,False,False,False,False,True,True,Indian,lunch_dinner,60
N227,Tomato onion raita (Tamatar aur pyaaz ka raita),Dairy & Paneer,59.0,3.7,7.1,1.8,1.0,6.0,165.2,72,120.6,0.26,15.0,0.0,0.0,0.6,15,0.0,50,False,False,False,False,False,False,False,False,False,False,True,True,Indian,lunch_dinner,60
N229,Sprouted moong raita,Dals & Legumes,60.9,4.6,6.1,2.2,0.2,5.6,189.2,74,139.4,0.86,3.6,0.0,0.0,0.7,30,23.0,0,False,False,False,False,False,False,False,False,False,False,True,True,Indian,lunch_dinner,60
N118,Washed urad dal (Dhuli urad ki dal),Dals & Legumes,61.3,2.5,5.8,3.0,1.5,0.3,142.2,61,10.2,0.72,1.0,0.0,0.0,0.9,30,12.0,0,False,False,False,False,False,False,False,False,False,False,True,True,Indian,lunch_dinner,60
N121,Mixed dal,Dals & Legumes,61.9,2.5,5.8,3.1,1.6,0.3,141.4,61,11.0,0.78,1.1,0.0,0.0,0.9,30,12.0,0,False,False,False,False,False,False,False,False,False,False,True,True,Indian,lunch_dinner,60
N139,Carrot and fenugreek leaves (Gajar methi),Vegetable Dishes,61.9,2.1,4.2,3.8,4.4,2.1,262.9,53,128.8,2.72,51.8,0.0,0.0,1.1,40,0.0,380,False,False,False,False,False,False,False,False,False,False,True,True,Indian,lunch_dinner,60
N138,Cabbage and peas (Pattagobhi aur matar),Vegetable Dishes,63.9,3.2,6.2,2.6,4.0,1.0,253.7,67,45.5,1.1,54.8,0.0,0.0,0.8,15,0.0,0,False,False,False,False,False,False,False,False,False,False,True,True,Indian,lunch_dinner,60
N573,Guava raita (Amarood ka raita),Dairy & Paneer,64.4,4.2,7.3,2.1,3.0,6.7,135.9,77,136.9,0.28,108.7,0.0,0.0,0.6,40,0.0,0,False,False,False,False,False,False,False,False,False,False,True,True,Indian,lunch_dinner,60
N565,Carrot raita (Gajar ka raita),Dairy & Paneer,64.8,4.1,7.2,2.2,1.7,6.0,274.5,76,146.7,0.55,7.8,0.0,0.0,0.7,40,0.0,35,False,False,False,False,False,False,False,False,False,False,True,True,Indian,lunch_dinner,60
E057,Mui Borok,Vegetable Dishes,65.0,2.5,9.5,1.8,3.5,1.5,285.0,285,32.0,1.2,12.5,0.0,0.0,0.3,20,0.0,0,False,False,False,False,False,False,False,False,False,False,True,True,Tripuri,lunch_dinner,60
F082,Guava,Fruits,68.0,2.6,14.0,1.0,5.4,8.9,2.0,417,18.0,0.3,228.3,0.0,0.0,0.3,12,0.0,0,False,False,False,False,False,False,False,False,False,False,True,True,Tropical,snack,60
F156,Pakhala Bhata,Indian Foods,68.0,1.8,14.5,0.2,0.5,0.2,48.0,85,12.0,0.5,0.0,0.0,0.0,0.0,20,0.0,0,False,False,False,False,False,False,False,False,False,False,True,True,Odia,lunch_dinner,60
F179,Eromba,Indian Foods,68.0,3.2,8.5,1.8,3.5,1.5,385.0,325,52.0,1.8,22.5,0.0,0.0,0.3,20,0.0,0,False,False,False,False,False,False,False,False,False,False,True,True,Manipuri,lunch_dinner,60
F191,Tomato Chutney,Vegetable Dishes,68.0,1.8,10.5,2.5,2.2,5.5,385.0,285,22.0,0.8,12.5,0.0,0.0,0.5,25,0.0,50,False,False,False,False,False,False,False,False,False,False,True,True,South Indian,condiment,60
N484,Kabuli channa curry,Dals & Legumes,68.6,2.9,7.6,3.1,1.1,1.2,122.0,71,32.0,0.95,16.2,0.0,0.0,0.9,30,0.0,0,False,False,False,False,False,False,False,False,False,False,True,True,Indian,lunch_dinner,60
N870,Dal dhokli,Dals & Legumes,68.7,3.0,8.6,2.5,1.9,1.1,37.5,75,14.5,0.79,2.8,0.0,0.0,0.7,30,15.0,0,False,False,False,False,False,False,False,False,False,False,True,True,Indian,lunch_dinner,60
N857,Whey soup,Soups,68.9,3.4,6.3,3.3,0.8,5.9,87.1,70,164.9,0.55,2.6,0.0,0.0,1.0,25,0.0,0,False,False,False,False,False,False,False,False,False,False,True,True,Continental,lunch_dinner,60
N478,Urad special dehusked,Dals & Legumes,69.4,3.1,8.9,2.2,2.5,1.3,109.6,76,16.4,0.83,17.4,0.0,0.0,0.7,30,16.0,0,False,False,False,False,False,False,False,False,False,False,True,True,Indian,lunch_dinner,60
N495,Mushroom matar,Vegetable Dishes,70.8,2.8,5.3,4.1,3.1,1.4,61.6,63,21.4,0.81,39.2,200.0,0.0,1.2,15,11.0,0,False,False,False,False,False,False,False,False,False,False,True,True,Indian,lunch_dinner,60
N820,Onion raita (Pyaaz ka raita),Dairy & Paneer,71.6,4.9,7.9,2.4,0.6,7.1,190.0,84,163.8,0.3,8.4,0.0,0.0,0.7,15,0.0,0,False,False,False,False,False,False,False,False,False,False,True,True,Indian,lunch_dinner,60
J017,Jain Moong Dal Soup,Soups,72.0,5.5,10.5,1.2,4.5,1.2,185.0,245,22.0,1.5,5.5,0.0,0.0,0.3,25,30.0,0,False,False,False,False,False,False,False,False,False,False,True,True,Jain,breakfast_snack,60
E066,Sattu Drink (Salted),Beverages,72.0,4.5,12.5,0.8,2.5,0.5,285.0,185,28.0,2.5,0.0,0.0,0.0,0.2,30,0.0,0,False,False,False,False,False,False,False,False,False,False,True,True,Bihari,breakfast_snack,60
N819,Pomegranate raita (Anaar ka raita),Dairy & Paneer,72.6,4.0,7.2,3.2,0.6,7.0,195.2,77,138.3,0.25,4.6,0.0,0.0,1.0,40,0.0,0,False,False,False,False,False,False,False,False,False,False,True,True,Indian,lunch_dinner,60
N149,Stuffed round gourd (Bharwa tinde),Indian Foods,72.8,1.1,4.0,5.8,2.1,2.0,180.2,49,20.2,0.59,37.4,0.0,0.0,1.7,15,0.0,0,False,False,False,False,False,False,False,False,False,False,True,True,Indian,lunch_dinner,60
N119,Split bengal gram with bottle gourd (Channa dal with ghiya/lauki),Dals & Legumes,73.2,2.8,7.1,3.6,2.7,1.0,149.5,70,14.3,0.99,15.2,0.0,0.0,1.1,30,14.0,0,False,False,False,False,False,False,False,False,False,False,True,True,Indian,lunch_dinner,60
N821,Green chilli raita (Hari mirch ka raita),Dairy & Paneer,77.1,5.6,7.7,2.9,0.3,7.5,161.3,89,193.6,0.21,4.3,0.0,0.0,0.9,30,0.0,0,False,False,False,False,False,False,False,False,False,False,True,True,Indian,lunch_dinner,60
N233,Mint raita (Pudinay ka raita),Dairy & Paneer,77.6,5.6,7.6,3.0,0.3,7.5,274.4,89,198.2,0.37,2.9,0.0,0.0,0.9,30,0.0,0,False,False,False,False,False,False,False,False,False,False,True,True,Indian,lunch_dinner,60
N173,Baked vegetables with spinach,Indian Foods,77.8,3.2,6.9,4.0,2.3,2.1,122.8,72,78.6,1.16,79.0,0.0,0.0,1.2,15,13.0,750,False,False,False,False,False,False,False,False,False,False,True,True,Indian,lunch_dinner,60
N810,Roasted cauliflower steak,Beverages,78.7,2.0,2.0,6.7,3.5,0.4,120.2,48,24.5,0.95,47.1,0.0,0.0,2.0,15,8.0,55,False,False,False,False,False,False,False,False,False,False,True,True,Indian,breakfast_snack,60
N483,Urad sabut special,Dals & Legumes,79.4,2.3,5.0,5.5,2.2,0.9,60.1,61,21.4,0.71,28.4,0.0,0.0,1.6,30,12.0,0,False,False,False,False,False,False,False,False,False,False,True,True,Indian,lunch_dinner,60
N044,Cracked wheat porridge (Meetha daliya),Dals & Legumes,81.6,2.6,8.9,4.1,0.6,5.1,15.9,77,75.9,0.32,5.0,0.0,0.0,1.2,30,13.0,0,True,False,False,False,False,False,False,False,False,False,True,True,Indian,lunch_dinner,60
E017,Sai Bhaji,Vegetable Dishes,82.0,3.2,9.5,3.2,4.8,2.2,320.0,420,125.0,3.8,32.5,0.0,0.0,0.5,20,0.0,0,False,False,False,False,False,False,False,False,False,False,True,True,Sindhi,lunch_dinner,60
F083,Pomegranate,Fruits,83.0,1.7,19.0,1.2,4.0,13.7,3.0,236,10.0,0.3,10.2,0.0,0.0,0.1,35,0.0,0,False,False,False,False,False,False,False,False,False,False,True,True,Indian,snack,60
N818,Cabbage raita (Pattagobhi raita),Dairy & Paneer,84.8,3.2,5.2,5.8,0.9,4.2,125.3,68,118.5,0.19,28.3,0.0,0.0,1.7,15,0.0,0,False,False,False,False,False,False,False,False,False,False,True,True,Indian,lunch_dinner,60
N878,Garlic chickpea soup (Lahasun aur chane ka shoraba),Soups,89.5,4.4,13.9,2.0,2.8,2.6,79.7,106,13.9,0.96,13.2,0.0,0.0,0.6,30,22.0,0,False,False,False,False,False,False,False,False,False,False,True,True,Continental,lunch_dinner,60
N542,Cauliflower basket,Indian Foods,91.0,5.2,4.0,5.9,2.4,1.5,194.2,76,100.2,0.92,71.6,0.0,0.0,1.8,15,21.0,0,False,False,False,False,False,False,False,False,False,False,True,True,Indian,lunch_dinner,60
E008,Hara Dhania Cholia,Vegetable Dishes,92.0,5.5,12.5,2.5,5.5,2.5,285.0,325,52.0,2.8,22.5,0.0,0.0,0.5,25,65.0,0,False,False,False,False,False,False,False,False,False,False,True,True,Haryanvi,lunch_dinner,60
N543,Stuffed bottle gourd (Stuffed ghiya/lauki),Indian Foods,93.2,5.8,4.4,5.8,1.2,1.5,107.0,82,71.8,0.66,9.0,0.0,0.0,1.7,15,0.0,0,False,False,False,False,False,False,False,False,False,False,True,True,Indian,lunch_dinner,60
N155,Pea mushroom curry (Matar mushroom),Vegetable Dishes,93.3,3.9,7.4,5.2,3.9,1.8,155.5,81,22.7,0.97,58.4,200.0,0.0,1.5,15,16.0,0,False,False,False,False,False,False,False,False,False,False,True,True,Indian,lunch_dinner,60
N152,Stuffed tomatoes (Bharwa tamatar),Vegetable Dishes,93.4,3.3,6.2,6.1,2.2,2.7,165.8,73,59.2,0.62,28.2,0.0,0.0,1.8,15,0.0,50,False,False,False,False,False,False,False,False,False,False,True,True,Indian,lunch_dinner,60
N811,Sauteed radishes with green beans,Indian Foods,94.3,2.4,6.0,6.6,3.5,1.8,65.1,68,40.2,1.01,6.6,0.0,0.0,2.0,30,12.0,0,False,False,False,False,False,False,False,False,False,False,True,True,Indian,lunch_dinner,60
N148,Stuffed okra (Bharwa bhindi),Vegetable Dishes,94.3,2.1,3.8,7.7,4.2,0.5,210.0,58,86.9,1.18,22.6,0.0,0.0,2.3,15,0.0,146,False,False,False,False,False,False,False,False,False,False,True,True,Indian,lunch_dinner,60
E065,Sattu Drink (Sweet),Beverages,95.0,4.5,18.5,0.8,2.5,8.5,28.0,185,28.0,2.5,0.0,0.0,0.0,0.2,35,0.0,0,False,False,False,False,False,False,False,False,False,False,True,True,Bihari,breakfast_snack,60
F118,Aloo Gobi,Indian Foods,95.0,3.2,14.5,3.2,3.5,3.8,380.0,480,42.0,1.2,28.5,0.0,0.0,0.5,35,0.0,0,False,False,False,False,False,False,False,False,False,False,True,True,North Indian,lunch_dinner,60
N867,Split bengal gram dal (Channa dal),Dals & Legumes,99.7,4.2,10.0,4.6,3.7,1.0,46.4,93,22.0,1.92,13.4,0.0,0.0,1.4,30,21.0,0,False,False,False,False,False,False,False,False,False,False,True,True,Indian,lunch_dinner,60
N045,Semolina porridge (Suji/Rava daliya),Dals & Legumes,100.9,3.8,12.4,4.1,0.7,7.5,23.2,99,108.5,0.36,5.0,0.0,0.0,1.2,30,19.0,0,True,False,False,False,False,False,False,False,False,False,True,True,Indian,lunch_dinner,60
N709,Spinach khichri (Palak khichri/khichdi),Rice Dishes,102.2,3.4,17.4,1.9,1.6,0.2,69.6,114,10.4,0.65,3.0,0.0,0.0,0.6,15,14.0,750,False,False,False,False,False,False,False,False,False,False,True,True,Indian,lunch_dinner,60
N126,Moti mahal dal (Urad rajmah mix dal),Dals & Legumes,103.1,3.9,8.7,5.7,3.4,1.7,157.6,87,38.1,1.05,15.4,0.0,0.0,1.7,30,20.0,0,False,False,False,False,False,False,False,False,False,False,True,True,Indian,lunch_dinner,60
N359,Hot spinach souffle,Indian Foods,104.2,5.4,4.2,7.2,1.0,1.6,104.7,81,80.8,1.67,47.8,0.0,0.0,2.2,15,22.0,750,False,False,False,False,False,False,False,False,False,False,True,True,Indian,lunch_dinner,60
E040,Aamat,Dals & Legumes,105.0,5.5,15.5,2.5,5.5,2.5,320.0,285,52.0,2.8,5.5,0.0,0.0,0.5,30,0.0,0,False,False,False,False,False,False,False,False,False,False,True,True,Chhattisgarhi,lunch_dinner,60
F097,Moong Dal (cooked),Dals & Legumes,105.0,7.0,19.0,0.4,7.6,2.0,4.0,266,27.0,1.4,1.0,0.0,0.0,0.1,25,35.0,0,False,False,False,False,False,False,False,False,False,False,True,True,Indian,lunch_dinner,60
N533,Beans foogath,Indian Foods,105.1,2.0,3.3,9.2,4.2,1.7,81.2,58,44.2,0.95,6.4,0.0,0.0,2.8,30,10.0,0,False,False,False,False,False,False,False,False,False,False,True,True,Indian,lunch_dinner,60
N145,Carrot and cabbage with coconut (Nariyal ke saath pattagobhi aur gajar),Indian Foods,106.6,1.8,5.0,8.6,4.5,2.4,219.6,63,48.6,0.84,41.0,0.0,0.0,2.6,40,0.0,35,False,False,False,False,False,False,False,False,False,False,True,True,Indian,lunch_dinner,60
N550,Fricassee of Mushroom,Indian Foods,106.7,3.6,8.1,6.6,1.2,2.5,119.0,84,85.0,0.36,39.7,200.0,0.0,2.0,15,14.0,0,False,False,False,False,False,False,False,False,False,False,True,True,Indian,lunch_dinner,60
N269,Apple mousse,Indian Foods,106.9,4.2,12.8,4.3,1.6,10.6,28.8,104,33.8,0.48,14.5,0.0,0.0,1.3,40,0.0,0,False,False,False,False,False,False,False,False,False,False,True,True,Indian,lunch_dinner,60
N863,Lemon coriander soup,Soups,108.1,2.3,10.3,6.3,6.8,2.2,219.2,85,102.6,3.47,8.6,0.0,0.0,1.9,25,0.0,0,False,False,False,False,False,False,False,False,False,False,True,True,Continental,lunch_dinner,60
F067,Khichdi,Indian Foods,110.0,5.2,19.5,1.8,3.2,0.5,280.0,220,28.0,1.8,0.0,0.0,0.0,0.4,40,0.0,0,False,False,False,False,False,False,False,False,False,False,True,True,Indian,lunch_dinner,60
N531,Okra/Lady's fingers fry (Bhindi sabzi/sabji/subji),Vegetable Dishes,110.8,1.8,4.5,9.3,3.6,1.4,92.8,62,67.9,0.88,29.1,0.0,0.0,2.8,15,0.0,146,False,False,False,False,False,False,False,False,False,False,True,True,Indian,lunch_dinner,60
N869,Panchmel dal,Dals & Legumes,111.2,4.6,10.7,5.4,3.2,0.8,79.5,100,23.0,1.42,8.5,0.0,0.0,1.6,30,23.0,0,False,False,False,False,False,False,False,False,False,False,True,True,Indian,lunch_dinner,60
N404,Sprouted moong daliya,Dals & Legumes,111.6,2.8,14.8,4.7,3.1,1.7,196.7,104,22.6,1.29,7.5,0.0,0.0,1.4,30,14.0,0,False,False,False,False,False,False,False,False,False,False,True,True,Indian,lunch_dinner,60
N087,Sprouted moong pulao,Rice Dishes,113.0,2.2,17.5,3.6,1.8,1.4,153.2,109,16.3,0.65,7.5,0.0,0.0,1.1,30,11.0,0,False,False,False,False,False,False,False,False,False,False,True,True,Indian,lunch_dinner,60
F057,Dal (Toor/Split Pigeon Pea),Dals & Legumes,116.0,7.2,20.1,0.4,5.4,0.0,7.0,304,73.0,1.5,0.0,0.0,0.0,0.1,29,102.0,0,False,False,False,False,False,False,False,False,False,False,True,True,Indian,lunch_dinner,60
F008,Lentils (cooked),Dals & Legumes,116.0,9.0,20.0,0.4,8.0,1.8,2.0,369,19.0,3.3,1.5,0.0,0.0,0.1,32,45.0,0,False,False,False,False,False,False,False,False,False,False,True,True,Indian,lunch_dinner,60
N460,Split bengal gram dal and vegetable pulao (Channa dal and vegetable pulao),Rice Dishes,116.5,3.6,19.7,2.3,3.2,1.6,98.1,125,19.1,0.82,27.1,0.0,0.0,0.7,30,18.0,0,False,False,False,False,False,False,False,False,False,False,True,True,Indian,lunch_dinner,60
E016,Sindhi Kadhi,Dals & Legumes,118.0,3.5,15.5,5.5,3.8,3.5,480.0,285,52.0,1.8,18.5,0.0,0.0,1.2,35,0.0,0,False,False,False,False,False,False,False,False,False,False,True,True,Sindhi,lunch_dinner,60
F209,Amti (Maharashtrian Dal),Indian Foods,118.0,6.5,18.5,2.5,5.5,2.8,380.0,285,42.0,2.2,4.5,0.0,0.0,0.5,30,55.0,0,False,False,False,False,False,False,False,False,False,False,True,True,Maharashtrian,lunch_dinner,60
J025,Jain Dal Dhokli,Dals & Legumes,118.0,5.5,18.5,3.2,4.5,2.2,285.0,245,32.0,1.8,5.5,0.0,0.0,0.8,35,55.0,0,True,False,False,False,False,False,False,False,False,False,True,True,Jain,lunch_dinner,60
N257,Caramel custard (steamed),Beverages,121.6,5.0,15.0,4.9,0.0,15.0,43.6,119,88.1,0.51,3.0,0.0,0.0,1.5,15,0.0,55,False,False,False,False,False,False,False,False,False,False,True,True,Indian,breakfast_snack,60
N086,Mushroom pulao,Rice Dishes,124.3,2.5,19.0,4.0,1.9,1.0,222.4,118,13.5,0.39,3.4,200.0,0.0,1.2,15,10.0,0,False,False,False,False,False,False,False,False,False,False,True,True,Indian,lunch_dinner,60
N527,Cabbage rolls (curry) ((Pattagobhi rolls)(curry)),Vegetable Dishes,124.6,5.8,7.0,8.2,2.4,3.8,124.0,97,29.8,0.95,26.9,0.0,0.0,2.5,15,0.0,0,True,False,False,False,False,False,False,False,False,False,True,True,Indian,snack,60
N120,Dry washed urad,Dals & Legumes,124.7,6.8,15.7,3.5,4.1,0.7,295.8,131,27.1,1.89,1.5,0.0,0.0,1.0,30,34.0,0,False,False,False,False,False,False,False,False,False,False,True,True,Indian,lunch_dinner,60
F116,Ker Sangri,Indian Foods,125.0,4.8,18.5,4.2,8.5,3.2,480.0,320,72.0,4.2,5.5,0.0,0.0,0.8,30,0.0,0,False,False,False,False,False,False,False,False,False,False,True,True,Rajasthani,lunch_dinner,60
N461,Black channa pulao/ Bengal gram pulao (Kale chane ka pulao),Rice Dishes,125.5,3.4,21.6,2.6,2.7,2.0,103.1,132,16.5,0.77,8.1,0.0,0.0,0.8,15,0.0,0,False,False,False,False,False,False,False,False,False,False,True,True,Indian,lunch_dinner,60
F070,Rajma,Indian Foods,127.0,8.7,22.8,0.5,6.4,0.3,280.0,403,50.0,2.9,1.2,0.0,0.0,0.1,24,44.0,0,False,False,False,False,False,False,False,False,False,False,True,True,Indian,lunch_dinner,60
F011,Kidney Beans,Dals & Legumes,127.0,8.7,22.8,0.5,6.4,0.3,2.0,403,50.0,2.9,1.2,0.0,0.0,0.1,24,53.0,0,False,False,False,False,False,False,False,False,False,False,True,True,Indian,lunch_dinner,60
F155,Dalma,Indian Foods,128.0,7.5,18.5,2.5,6.2,2.5,285.0,325,52.0,2.8,12.5,0.0,0.0,0.5,30,55.0,0,False,False,False,False,False,False,False,False,False,False,True,True,Odia,lunch_dinner,60
J003,Jain Rajma,Dals & Legumes,128.0,8.5,22.5,1.5,6.5,1.5,285.0,385,52.0,2.8,2.5,0.0,0.0,0.5,24,0.0,0,False,False,False,False,False,False,False,False,False,False,True,True,Jain,lunch_dinner,60
BG024,Aloo Phulkopi Diye Dal,Dals & Legumes,128.0,6.5,18.5,3.5,4.8,2.5,285.0,310,42.0,2.2,18.5,0.0,0.0,0.8,30,55.0,0,False,False,False,False,False,False,False,False,False,False,True,True,Bengali,lunch_dinner,60
N108,Fettuccine with spinach sauce,Indian Foods,129.2,3.1,12.2,7.8,0.8,1.2,153.6,100,53.7,1.28,38.4,0.0,0.0,2.3,15,12.0,750,False,False,False,False,False,False,False,False,False,False,True,True,Italian,lunch_dinner,60
N143,Beans with coconut (Nariyal aur sem/phali; Beans thoran),Indian Foods,131.6,2.6,4.4,11.4,5.6,2.1,271.6,71,51.9,1.34,6.0,0.0,0.0,3.4,30,13.0,0,False,False,False,False,False,False,False,False,False,False,True,True,Indian,lunch_dinner,60
F010,Black Beans,Dals & Legumes,132.0,9.0,24.0,0.5,8.7,0.3,1.0,355,27.0,2.1,0.0,0.0,0.0,0.1,30,45.0,0,False,False,False,False,False,False,False,False,False,False,True,True,Mexican,lunch_dinner,60
N144,Cauliflower with coconut (Nariyal ke saath phoolgobhi),Indian Foods,132.1,2.6,4.0,11.6,5.3,1.7,286.1,70,35.4,1.33,51.8,0.0,0.0,3.5,15,10.0,0,False,False,False,False,False,False,False,False,False,False,True,True,Indian,lunch_dinner,60
N147,Raw papaya with coconut (Papaya thoran),Indian Foods,132.8,1.5,5.6,11.4,4.3,3.8,270.6,69,33.7,0.82,25.4,0.0,0.0,3.4,40,0.0,0,False,False,False,False,False,False,False,False,False,False,True,True,Indian,lunch_dinner,60
N470,Beans and macaroni,Indian Foods,136.1,4.6,14.2,7.0,2.0,1.7,182.8,117,86.9,0.75,16.5,0.0,0.0,2.1,30,23.0,0,False,False,False,False,False,False,False,False,False,False,True,True,Indian,lunch_dinner,60
N127,Black channa curry/Bengal gram curry (Kale chane ki curry),Dals & Legumes,140.7,5.7,14.1,6.6,8.0,2.4,358.6,123,53.9,2.43,15.1,0.0,0.0,2.0,30,0.0,0,False,False,False,False,False,False,False,False,False,False,True,True,Indian,lunch_dinner,60
N526,Cabbage rolls (dry) ((Pattagobhi rolls) (dry)),Snacks & Street Food,142.5,8.2,6.1,9.4,1.8,1.3,118.0,111,31.5,0.98,12.7,0.0,0.0,2.8,15,0.0,0,True,False,False,False,False,False,False,False,False,False,True,True,Indian,snack,60
N131,Kidney bean curry (Rajmah curry),Dals & Legumes,143.7,6.0,16.4,5.8,5.8,2.5,354.6,133,47.9,2.27,16.3,0.0,0.0,1.7,30,72.0,0,False,False,False,False,False,False,False,False,False,False,True,True,Indian,lunch_dinner,60
N814,Onion chutney (Pyaaz ki chutney/Vengaya chutney),Accompaniments,143.9,3.0,13.5,8.4,4.6,6.8,256.9,106,28.5,1.19,2.8,0.0,0.0,2.5,15,0.0,0,False,False,False,False,False,False,False,False,False,False,True,True,Indian,condiment,60
E005,Chainsoo,Dals & Legumes,145.0,8.5,18.5,4.5,6.8,1.5,320.0,285,52.0,3.5,8.5,0.0,0.0,0.8,32,85.0,55,False,False,False,False,False,False,False,False,False,False,True,True,Garhwali,lunch_dinner,60
N551,Cauliflower au gratin,Indian Foods,145.9,4.4,9.1,10.2,1.4,3.0,165.0,100,119.7,0.57,50.2,0.0,0.0,3.1,15,18.0,0,False,False,False,False,False,False,False,False,False,False,True,True,Indian,lunch_dinner,60
N553,Spinach souffle,Indian Foods,150.2,7.4,6.3,10.5,1.4,0.9,244.1,108,133.7,2.15,30.3,0.0,0.0,3.2,15,30.0,750,False,False,False,False,False,False,False,False,False,False,True,True,Indian,lunch_dinner,60
F063,Chole (Chickpea Curry),Indian Foods,152.0,7.5,24.5,3.5,6.2,3.8,390.0,289,58.0,2.8,4.2,0.0,0.0,0.4,28,38.0,0,False,False,False,False,False,False,False,False,False,False,True,True,Indian,lunch_dinner,60
N431,Moong dal stuffed cheela/chilla (Moong dal ka cheela/chilla),Dals & Legumes,154.9,7.0,19.4,5.1,4.2,1.1,267.2,151,39.3,2.22,34.8,0.0,0.0,1.5,30,35.0,0,False,False,False,False,False,False,False,False,False,False,True,True,Indian,lunch_dinner,60
N534,Stuffed bittergourd (wet) (Bharwa karele),Indian Foods,162.4,1.4,4.7,15.2,2.9,2.0,360.1,71,17.2,0.91,46.9,0.0,0.0,4.6,15,0.0,0,False,False,False,False,False,False,False,False,False,False,True,True,Indian,lunch_dinner,60
N130,Soyabean curry,Vegetable Dishes,163.3,10.4,6.8,10.2,7.3,2.7,352.7,130,65.1,2.79,15.1,0.0,0.0,3.1,30,52.0,54,False,False,False,False,False,False,True,False,False,False,True,True,Indian,lunch_dinner,60
N128,Chickpeas curry (Safed channa curry),Dals & Legumes,163.4,6.1,20.0,6.8,4.7,4.8,358.0,151,30.6,1.82,16.3,0.0,0.0,2.1,30,30.0,0,False,False,False,False,False,False,False,False,False,False,True,True,Indian,lunch_dinner,60
F009,Chickpeas (cooked),Dals & Legumes,164.0,9.0,27.0,2.6,8.0,4.8,7.0,291,49.0,2.9,1.3,0.0,0.0,0.3,28,56.0,0,False,False,False,False,False,False,False,False,False,False,True,True,Mediterranean,lunch_dinner,60
F119,Pindi Chole,Indian Foods,165.0,8.5,24.8,4.8,7.2,2.8,520.0,295,58.0,3.2,4.5,0.0,0.0,0.7,28,0.0,0,False,False,False,False,False,False,False,False,False,False,True,True,North Indian,lunch_dinner,60
N889,Cracked wheat khichri/khichdi (Dalia khichri/khichdi),Rice Dishes,167.4,7.6,22.4,5.5,3.7,3.8,225.0,168,123.0,2.17,0.0,0.0,0.0,1.7,30,38.0,0,True,False,False,False,False,False,False,False,False,False,True,True,Indian,lunch_dinner,60
E055,Axone (Fermented Soybean),Dals & Legumes,168.0,12.5,12.5,7.5,5.5,1.5,320.0,325,72.0,2.8,5.5,0.0,0.0,1.5,30,95.0,54,False,False,False,False,False,False,True,False,False,False,True,True,Naga,condiment,60
F160,Ghugni,Indian Foods,168.0,8.5,22.5,4.8,6.5,2.8,480.0,285,48.0,2.8,5.5,0.0,0.0,0.8,30,65.0,0,False,False,False,False,False,False,False,False,False,False,True,True,Bengali,breakfast_snack,60
N265,Orange souffle,Indian Foods,168.3,6.8,14.2,9.7,0.2,12.3,49.2,136,59.0,0.65,19.2,0.0,0.0,2.9,40,0.0,0,False,False,False,False,False,False,False,False,False,False,True,True,Indian,lunch_dinner,60
N596,Cold orange souffle,Indian Foods,173.2,5.9,16.3,9.8,0.1,14.4,46.5,139,55.4,0.57,10.1,0.0,0.0,2.9,40,0.0,0,False,False,False,False,False,False,False,False,False,False,True,True,Indian,lunch_dinner,60
N091,Green chickpeas pulao (Choliya pulao/Hare chane ka pulao),Rice Dishes,173.4,4.9,27.6,4.8,3.2,2.5,170.0,171,18.9,0.95,5.4,0.0,0.0,1.4,30,24.0,0,False,False,False,False,False,False,False,False,False,False,True,True,Indian,lunch_dinner,60
N822,Kale salad,Accompaniments,177.7,4.9,5.0,15.3,1.4,3.3,292.0,95,109.1,1.3,30.5,0.0,0.0,4.6,15,0.0,0,False,False,False,False,False,False,False,False,False,False,True,True,Indian,condiment,60
N287,Hot orange souffle,Indian Foods,180.0,6.9,18.8,9.0,0.3,14.9,58.8,155,53.8,1.03,7.0,0.0,0.0,2.7,40,0.0,0,False,False,False,False,False,False,False,False,False,False,True,True,Indian,lunch_dinner,60
N584,Pear chocholate sunday,Indian Foods,183.5,2.1,15.0,13.1,0.1,14.4,16.3,115,56.7,0.24,3.3,0.0,0.0,3.9,40,0.0,0,False,False,False,False,False,False,False,False,False,False,True,True,Indian,lunch_dinner,60
N646,Tomato sandwich (grilled),Sandwiches,189.9,6.3,21.3,9.4,1.9,2.6,420.6,162,150.9,0.88,8.9,0.0,0.0,2.8,15,0.0,50,True,False,False,False,False,False,False,False,False,False,True,True,Continental,breakfast,60
N790,Green tomato pickle (Haray tamatar ka achaar),Vegetable Dishes,193.3,1.2,2.9,19.7,1.7,0.8,159.2,70,14.2,0.77,8.2,0.0,0.0,5.9,15,0.0,50,False,False,False,False,False,False,False,False,False,False,True,True,Indian,lunch_dinner,60
N864,Garlic soup,Soups,194.9,2.4,7.0,17.6,1.7,2.4,179.3,92,60.6,0.73,11.1,0.0,0.0,5.3,15,0.0,0,False,False,False,False,False,False,False,False,False,False,True,True,Continental,lunch_dinner,60
N134,Khatta channa,Dals & Legumes,202.6,6.3,21.1,10.6,5.3,4.8,513.3,164,40.8,1.94,20.9,0.0,0.0,3.2,30,0.0,0,False,False,False,False,False,False,False,False,False,False,True,True,Indian,lunch_dinner,60
N691,Orange chiffon pie,Indian Foods,207.6,3.9,23.1,11.2,0.7,10.5,73.2,158,30.3,0.62,84.9,0.0,0.0,3.3,40,0.0,0,False,False,False,False,False,False,False,False,False,False,True,True,Indian,lunch_dinner,60
N032,Carrot apple sandwich (Gajar aur seb ka sandwich),Sandwiches,214.1,5.3,29.0,9.1,3.7,5.3,302.9,188,118.0,1.8,2.7,0.0,0.0,2.7,40,0.0,35,True,False,False,False,False,False,False,False,False,False,True,True,Continental,breakfast,60
N731,Stuffed bittergourd (dry) (Bharwa karela),Indian Foods,217.6,1.3,2.5,22.4,3.0,0.1,519.3,74,16.7,1.29,43.5,0.0,0.0,6.7,15,0.0,0,False,False,False,False,False,False,False,False,False,False,True,True,Indian,lunch_dinner,60
N807,Cabbage manchurian (Pattagobhi manchurian),Indian Foods,224.3,0.6,4.8,22.5,0.4,0.3,75.0,80,3.2,0.2,28.4,0.0,0.0,6.7,15,0.0,0,False,False,False,False,False,False,False,False,False,False,True,True,Chinese,lunch_dinner,60
N763,Watercress sandwich,Sandwiches,229.4,5.2,28.0,11.5,2.3,1.8,407.4,187,98.2,0.99,2.2,0.0,0.0,3.4,15,0.0,0,True,False,False,False,False,False,False,False,False,False,True,True,Continental,breakfast,60
N812,Garlic chutney/Poondu chutney (Lahasun ki chutney),Accompaniments,255.5,3.3,20.4,17.6,5.2,13.4,177.6,154,63.5,3.26,5.7,0.0,0.0,5.3,15,0.0,0,False,False,False,False,False,False,False,False,False,False,True,True,Indian,condiment,60
N348,Apple cinnamon pie,Indian Foods,258.7,3.4,33.7,12.2,1.8,12.0,60.1,201,16.1,0.65,2.2,0.0,0.0,3.7,40,0.0,0,False,False,False,False,False,False,False,False,False,False,True,True,Indian,lunch_dinner,60
N833,Moong bean dosa (Pesarattu),Dals & Legumes,286.0,12.3,31.9,11.7,6.0,2.9,61.4,250,36.4,3.38,1.5,0.0,0.0,3.5,30,62.0,0,True,False,False,False,False,False,False,False,False,False,True,True,Andhra,lunch_dinner,60
N727,Namkeen daliya,Dals & Legumes,295.1,8.3,49.3,8.0,8.6,0.8,149.6,290,36.0,2.99,6.9,0.0,0.0,2.4,30,42.0,0,False,False,False,False,False,False,False,False,False,False,True,True,Indian,lunch_dinner,60
N728,Sprouts upma,Breakfast Cereals & Porridge,316.2,9.5,45.0,10.4,7.2,1.7,147.8,284,36.8,2.76,0.5,0.0,0.0,3.1,30,0.0,0,True,False,False,False,False,False,False,False,False,False,True,True,Indian,breakfast,60
N877,Maa chaane ki dal,Dals & Legumes,344.7,19.8,43.1,9.5,13.4,1.0,43.3,342,68.6,5.97,1.4,0.0,0.0,2.8,30,99.0,0,False,False,False,False,False,False,False,False,False,False,True,True,Indian,lunch_dinner,60
N834,Methi thepla,Breads & Flatbreads,346.2,9.0,41.3,16.0,7.6,3.0,543.3,276,73.5,4.52,1.1,0.0,0.0,4.8,15,0.0,380,True,False,False,False,False,False,False,False,False,False,True,True,Gujarati,lunch_dinner,60
N420,Canjee,Indian Foods,6.6,0.2,0.4,0.4,0.4,0.2,43.0,19,5.8,0.17,0.5,0.0,0.0,0.1,45,0.0,0,False,False,False,False,False,False,False,False,False,False,True,True,Indian,lunch_dinner,50
N441,White stock,Indian Foods,7.0,0.1,0.4,0.6,0.2,0.2,1.6,18,1.6,0.03,2.6,0.0,0.0,0.2,45,0.0,0,False,False,False,False,False,False,False,False,False,False,True,True,Indian,lunch_dinner,50
F112,Kahwa,Beverages,12.0,0.2,2.8,0.1,0.2,2.1,5.0,45,18.0,0.2,2.5,0.0,0.0,0.0,45,0.0,0,False,False,True,False,False,False,False,False,False,False,True,True,Kashmiri,breakfast_snack,50
F087,Almond Milk (unsweetened),Beverages,13.0,0.4,0.3,1.1,0.3,0.0,63.0,67,184.0,0.4,0.0,100.0,0.0,0.1,75,0.0,465,False,False,True,False,False,False,False,False,False,False,True,True,Western,breakfast,50
N788,Pickled mustard greens,Accompaniments,13.1,1.5,1.0,0.2,1.7,0.0,242.4,29,81.4,1.22,301.6,0.0,0.0,0.1,45,0.0,0,False,False,False,False,False,False,False,False,False,False,True,True,Indian,condiment,50
N422,Potato canjee (Aloo canjee),Vegetable Dishes,16.3,0.4,2.7,0.4,0.4,0.1,36.0,30,5.2,0.22,7.7,0.0,0.0,0.1,65,0.0,0,False,False,False,False,False,False,False,False,False,False,True,True,Indian,lunch_dinner,50
N732,Cauliflower potato canjee,Indian Foods,16.8,0.6,2.6,0.4,0.7,0.1,35.6,31,6.8,0.28,15.6,0.0,0.0,0.1,65,2.0,0,False,False,False,False,False,False,False,False,False,False,True,True,Indian,lunch_dinner,50
F088,Coconut Water,Beverages,19.0,0.7,3.7,0.2,0.0,2.6,105.0,250,24.0,0.3,2.4,0.0,0.0,0.2,51,0.0,0,False,False,False,False,False,False,False,False,False,False,True,True,Tropical,breakfast_snack,50
N007,Lemonade,Beverages,20.8,0.0,5.5,0.0,0.0,5.5,28.5,38,1.8,0.05,5.3,0.0,0.0,0.0,45,0.0,0,False,False,False,False,False,False,False,False,False,False,True,True,Indian,breakfast_snack,50
N008,Lem-o-gin,Indian Foods,21.5,0.1,5.6,0.0,0.1,5.4,28.1,39,2.2,0.09,5.7,0.0,0.0,0.0,45,0.0,0,False,False,False,False,False,False,False,False,False,False,True,True,Indian,lunch_dinner,50
N011,Summer cooler,Beverages,22.4,0.4,5.4,0.0,0.2,5.2,1.6,40,8.1,0.28,103.5,0.0,0.0,0.0,45,0.0,0,False,False,False,False,False,False,False,False,False,False,True,True,Indian,breakfast_snack,50
N738,Sattu drink,Indian Foods,23.4,0.6,5.2,0.1,0.4,4.0,12.6,41,1.6,0.17,0.0,0.0,0.0,0.0,45,0.0,0,False,False,False,False,False,False,False,False,False,False,True,True,Bihari,lunch_dinner,50
N439,Mixed stock,Indian Foods,25.2,2.1,0.3,1.7,0.2,0.2,9.5,33,2.1,0.07,2.6,0.0,0.0,0.5,45,0.0,0,False,False,False,False,False,False,False,False,False,False,True,True,Indian,lunch_dinner,50
F076,Pumpkin,Vegetable Dishes,26.0,1.0,6.5,0.1,0.5,2.8,1.0,340,21.0,0.8,9.0,0.0,0.0,0.1,75,0.0,0,False,False,False,False,False,False,False,False,False,False,True,True,Western,lunch_dinner,50
F034,Watermelon,Fruits,30.0,0.6,7.6,0.2,0.4,6.2,1.0,112,7.0,0.2,8.1,0.0,0.0,0.0,72,0.0,0,False,False,False,False,False,False,False,False,False,False,True,True,Tropical,snack,50
N417,Jal jeera,Indian Foods,30.2,0.4,6.7,0.3,1.0,5.7,215.6,46,24.7,0.84,2.2,0.0,0.0,0.1,45,0.0,0,False,False,False,False,False,False,False,False,False,False,True,True,Indian,lunch_dinner,50
N539,Vegetables stir fry,Indian Foods,30.8,1.0,3.2,1.5,1.4,0.9,55.0,38,13.3,0.34,38.2,0.0,0.0,0.4,45,0.0,0,False,False,False,False,False,False,False,False,False,False,True,True,Indian,lunch_dinner,50
N861,Sweet corn soup,Soups,32.2,1.0,3.6,1.6,0.3,0.9,22.4,40,3.7,0.41,10.3,0.0,0.0,0.5,75,0.0,0,False,False,False,False,False,False,False,False,False,False,True,True,Continental,lunch_dinner,50
N010,Coco pine cooler,Beverages,32.8,0.6,5.7,1.0,0.3,5.5,23.2,45,17.8,0.13,10.7,0.0,0.0,0.3,45,0.0,0,False,False,False,False,False,False,False,False,False,False,True,True,Indian,breakfast_snack,50
N737,Woodapple juice (Bel ka sharbat),Beverages,34.2,0.6,6.5,0.7,1.0,5.8,127.4,47,11.8,0.12,18.4,0.0,0.0,0.2,55,0.0,0,False,False,False,False,False,False,False,False,False,False,True,True,Indian,breakfast_snack,50
N005,Raw mango drink (Aam panna),Beverages,35.9,0.2,9.0,0.0,0.6,7.5,79.8,54,7.1,0.14,45.3,0.0,0.0,0.0,55,0.0,0,False,False,False,False,False,False,False,False,False,False,True,True,Indian,breakfast_snack,50
N006,Fruit Punch (with fresh juices),Beverages,36.1,0.1,9.4,0.0,0.1,9.2,2.6,55,5.1,0.1,41.4,0.0,0.0,0.0,55,0.0,0,False,False,False,False,False,False,False,False,False,False,True,True,Indian,breakfast_snack,50
N419,Mintade,Indian Foods,40.3,0.0,10.6,0.0,0.0,10.5,26.7,60,2.1,0.05,8.5,0.0,0.0,0.0,45,0.0,0,False,False,False,False,False,False,False,False,False,False,True,True,Indian,lunch_dinner,50
N637,Coriander chutney (Hare dhaniye ki chutney),Accompaniments,42.9,1.4,8.2,0.4,2.5,5.5,186.6,59,39.8,1.63,4.2,0.0,0.0,0.1,45,0.0,0,False,False,False,False,False,False,False,False,False,False,True,True,Indian,condiment,50
N638,Gooseberry chutney (Amla chutney),Accompaniments,43.0,1.4,8.8,0.6,4.6,0.1,215.1,62,46.4,1.22,4.8,0.0,0.0,0.2,45,0.0,0,False,False,False,False,False,False,False,False,False,False,True,True,Indian,condiment,50
F035,Papaya,Fruits,43.0,0.5,11.0,0.3,1.7,7.8,8.0,182,20.0,0.1,61.8,0.0,0.0,0.1,60,0.0,0,False,False,False,False,False,False,False,False,False,False,True,True,Tropical,snack,50
F075,Beetroot,Vegetable Dishes,43.0,1.6,10.0,0.2,2.8,7.0,78.0,325,16.0,0.8,4.9,0.0,0.0,0.0,61,0.0,500,False,False,False,False,False,False,False,False,False,False,True,True,Western,lunch_dinner,50
F089,Orange Juice,Beverages,45.0,0.7,10.4,0.2,0.2,8.4,1.0,200,11.0,0.2,50.0,0.0,0.0,0.0,50,0.0,0,False,False,False,False,False,False,False,False,False,False,True,True,Western,breakfast,50
N895,Green chilli sauce,Indian Foods,46.1,1.2,7.4,0.3,1.8,5.4,1037.0,54,9.9,0.64,0.0,0.0,0.0,0.1,45,0.0,0,False,False,False,False,False,False,False,False,False,False,True,True,Indian,lunch_dinner,50
N418,Gingo,Indian Foods,48.0,0.1,12.4,0.1,0.2,12.1,21.5,68,6.3,0.21,8.4,0.0,0.0,0.0,45,0.0,0,False,False,False,False,False,False,False,False,False,False,True,True,Indian,lunch_dinner,50
N560,Jellied sunshine fruit salad,Accompaniments,48.9,5.8,4.2,0.8,1.8,2.9,74.2,72,37.1,0.87,28.8,0.0,0.0,0.3,45,0.0,0,False,False,False,False,False,False,False,False,False,False,True,True,Indian,condiment,50
N475,Lasagne with vegetables,Indian Foods,49.2,1.7,5.9,2.2,0.7,1.4,40.8,55,32.9,0.57,179.9,0.0,0.0,0.6,45,0.0,0,False,False,False,False,False,False,False,False,False,False,True,True,Indian,lunch_dinner,50
N556,Tossed green salad,Accompaniments,49.9,1.3,3.8,3.2,1.3,1.9,65.1,45,33.7,1.27,58.2,0.0,0.0,1.0,45,0.0,0,False,False,False,False,False,False,False,False,False,False,True,True,Indian,condiment,50
F081,Pineapple,Fruits,50.0,0.5,13.0,0.1,1.4,9.9,1.0,109,13.0,0.3,47.8,0.0,0.0,0.0,66,0.0,0,False,False,False,False,False,False,False,False,False,False,True,True,Tropical,snack,50
E061,Apong (Rice Beer),Beverages,52.0,0.5,8.5,0.2,0.5,5.5,8.0,12,2.0,0.2,0.0,0.0,0.0,0.0,45,0.0,0,False,False,False,False,False,False,False,False,False,False,True,True,Arunachali,snack,50
N463,Plain khitchdi (Plain khichri/khichdi),Rice Dishes,57.0,1.7,10.0,1.0,0.8,0.1,37.1,70,5.0,0.31,0.8,0.0,0.0,0.3,45,0.0,0,False,False,False,False,False,False,False,False,False,False,True,True,Indian,lunch_dinner,50
F033,Blueberry,Fruits,57.0,0.7,14.0,0.3,2.4,9.9,1.0,77,6.0,0.3,9.7,0.0,0.0,0.0,53,0.0,0,False,False,False,False,False,False,False,False,False,False,True,True,Western,snack,50
N523,Spinach and potato (Palak aloo),Vegetable Dishes,57.2,1.6,5.9,2.8,2.0,0.9,62.5,55,43.7,1.59,78.7,0.0,0.0,0.8,65,6.0,750,False,False,False,False,False,False,False,False,False,False,True,True,Indian,lunch_dinner,50
N590,Grape and orange whip,Indian Foods,57.4,1.4,6.7,2.6,1.0,5.7,14.4,57,17.4,0.53,34.9,0.0,0.0,0.8,55,0.0,0,False,False,False,False,False,False,False,False,False,False,True,True,Indian,lunch_dinner,50
N786,Fermented bamboo shoot pickle (Mesu pickle),Accompaniments,59.8,1.6,1.7,5.6,2.2,0.3,161.3,43,16.6,0.69,19.9,0.0,0.0,1.7,45,0.0,0,False,False,False,False,False,False,False,False,False,False,True,True,Northeast Indian,condiment,50
F031,Mango,Fruits,60.0,0.8,15.0,0.4,1.6,14.0,1.0,168,11.0,0.2,36.4,0.0,0.0,0.1,51,0.0,0,False,False,False,False,False,False,False,False,False,False,True,True,Tropical,snack,50
N897,Sweet and sour tomato pickle (Khatta meetha tamatar ka achaar),Vegetable Dishes,60.9,1.3,6.6,3.2,2.2,4.3,1281.9,57,15.2,0.54,18.0,0.0,0.0,1.0,75,0.0,50,False,False,False,False,False,False,False,False,False,False,True,True,Indian,lunch_dinner,50
N221,Tossed salad,Accompaniments,63.0,1.0,5.0,4.2,2.2,1.6,77.5,50,32.4,0.86,85.7,0.0,0.0,1.3,45,0.0,0,False,False,False,False,False,False,False,False,False,False,True,True,Indian,condiment,50
N837,Quinoa khichdi/khichri,Rice Dishes,64.0,3.2,8.8,1.6,2.6,0.7,69.6,76,24.6,1.12,9.1,0.0,0.0,0.5,50,0.0,0,False,False,False,False,False,False,False,False,False,False,True,True,Indian,lunch_dinner,50
N141,Brinjal bhartha (Baingan ka bhartha),Vegetable Dishes,65.1,1.4,4.4,4.5,3.3,1.8,132.2,51,17.8,0.48,24.0,0.0,0.0,1.3,45,0.0,0,False,False,False,False,False,False,False,False,False,False,True,True,Indian,lunch_dinner,50
N572,Mango raita (Aam ka raita),Dairy & Paneer,67.4,3.9,8.2,2.1,0.9,7.9,135.5,79,136.1,0.34,18.2,0.0,0.0,0.6,55,0.0,0,False,False,False,False,False,False,False,False,False,False,True,True,Indian,lunch_dinner,50
N570,Pineapple raita (Ananas ka raita),Dairy & Paneer,67.7,3.9,8.6,2.0,1.4,8.1,135.5,80,134.5,0.27,19.9,0.0,0.0,0.6,55,0.0,0,False,False,False,False,False,False,False,False,False,False,True,True,Indian,lunch_dinner,50
N538,Vegetable jalfrezi,Indian Foods,68.5,1.4,5.4,4.4,3.0,1.8,79.5,55,27.1,0.68,26.1,0.0,0.0,1.3,45,0.0,0,False,False,False,False,False,False,False,False,False,False,True,True,Indian,lunch_dinner,50
N574,Grapes raita (Angoor ka raita),Dairy & Paneer,72.6,4.0,9.7,2.1,0.7,8.5,135.6,86,134.5,0.26,10.6,0.0,0.0,0.6,55,0.0,0,False,False,False,False,False,False,False,False,False,False,True,True,Indian,lunch_dinner,50
N046,Oatmeal Porridge,Breakfast Cereals & Porridge,72.8,2.6,8.8,3.2,0.4,5.2,16.1,75,76.8,0.28,5.0,0.0,0.0,1.0,50,0.0,0,False,False,False,False,False,False,False,False,False,False,True,True,Indian,breakfast,50
N234,Potato raita (Aloo ka raita),Dairy & Paneer,75.4,4.2,10.2,2.0,0.8,5.1,183.4,89,132.3,0.34,15.3,0.0,0.0,0.6,65,0.0,0,False,False,False,False,False,False,False,False,False,False,True,True,Indian,lunch_dinner,50
N225,Coleslaw,Indian Foods,76.7,1.2,5.6,5.3,2.3,3.6,29.9,56,37.0,0.63,23.0,0.0,0.0,1.6,45,0.0,0,False,False,False,False,False,False,False,False,False,False,True,True,Indian,lunch_dinner,50
N226,Fruit salad (Phalon ka salaad),Accompaniments,78.1,0.9,16.0,1.2,1.6,9.8,7.1,90,25.9,0.81,52.4,0.0,0.0,0.4,45,0.0,0,False,False,False,False,False,False,False,False,False,False,True,True,Indian,condiment,50
N423,Vermicelli porridge (Semiya/Seviyan porridge),Breakfast Cereals & Porridge,78.4,2.5,10.6,3.0,0.5,7.0,65.3,81,73.0,0.2,4.8,0.0,0.0,0.9,45,0.0,0,True,False,False,False,False,False,False,False,False,False,True,True,Indian,breakfast,50
N828,Green chutney,Accompaniments,79.4,5.4,10.0,1.6,5.8,0.9,262.8,95,112.7,4.58,7.4,0.0,0.0,0.5,45,0.0,0,False,False,False,False,False,False,False,False,False,False,True,True,Indian,condiment,50
N835,Rice puttu (Ari puttu),Rice Dishes,82.0,1.3,11.8,3.1,0.8,0.3,48.3,79,5.0,0.42,0.0,0.0,0.0,0.9,45,0.0,0,False,False,False,False,False,False,False,False,False,False,True,True,Kerala,lunch_dinner,50
N496,Soya chunks and peas (Nutrinugget matar),Vegetable Dishes,82.6,3.0,5.8,5.1,2.9,1.6,71.0,68,20.3,0.99,39.2,0.0,0.0,1.5,45,0.0,54,False,False,False,False,False,False,True,False,False,False,True,True,Indian,lunch_dinner,50
N541,Dhansak (vegetarian),Indian Foods,82.8,3.3,7.3,4.2,4.2,0.9,34.2,75,26.4,1.26,13.2,0.0,0.0,1.3,45,0.0,0,False,False,False,False,False,False,False,False,False,False,True,True,Indian,lunch_dinner,50
N518,Vegetable curry with coconut,Vegetable Dishes,83.1,2.8,7.2,4.7,3.4,1.4,43.4,72,19.6,0.95,69.6,0.0,0.0,1.4,45,0.0,0,False,False,False,False,False,False,False,False,False,False,True,True,Indian,lunch_dinner,50
N219,Mixed pulse and vegetable salad,Accompaniments,83.1,4.7,14.0,0.8,3.0,1.4,127.8,106,51.6,2.13,23.8,0.0,0.0,0.3,45,0.0,0,False,False,False,False,False,False,False,False,False,False,True,True,Indian,condiment,50
N703,Pulse mix,Indian Foods,83.3,3.2,16.0,0.5,2.2,6.6,3.9,104,14.9,1.29,0.0,0.0,0.0,0.2,45,0.0,0,False,False,False,False,False,False,False,False,False,False,True,True,Indian,lunch_dinner,50
N530,Peas brinjal bhartha (Matar baingan bhartha),Vegetable Dishes,84.6,2.0,5.0,6.0,3.6,1.6,63.6,60,19.6,0.63,27.9,0.0,0.0,1.8,45,0.0,0,False,False,False,False,False,False,False,False,False,False,True,True,Indian,lunch_dinner,50
F142,Neer Dosa,Vegetable Dishes,85.0,1.8,18.5,0.5,0.8,0.5,125.0,85,8.0,0.8,0.0,0.0,0.0,0.1,58,0.0,0,False,False,False,False,False,False,False,False,False,False,True,True,Karnataka,breakfast,50
N742,Apple oats chia seed smoothie,Indian Foods,85.6,3.5,13.1,2.5,1.4,5.8,32.0,97,88.9,0.5,5.4,0.0,0.0,0.7,50,0.0,0,False,False,False,False,False,False,False,False,False,False,True,True,Indian,lunch_dinner,50
F073,Sweet Corn,Vegetable Dishes,86.0,3.2,19.0,1.2,2.7,3.2,15.0,270,2.0,0.5,6.8,0.0,0.0,0.2,52,0.0,0,False,False,False,False,False,False,False,False,False,False,True,True,Western,snack,50
F040,Sweet Potato,Vegetable Dishes,86.0,1.6,20.0,0.1,3.0,4.2,55.0,337,30.0,0.6,2.4,0.0,0.0,0.0,61,0.0,240,False,False,False,False,False,False,False,False,False,False,True,True,Western,lunch_dinner,50
N545,Roast potatoes,Indian Foods,87.3,1.5,14.5,2.4,1.7,0.3,90.7,90,10.4,0.57,17.4,0.0,0.0,0.7,65,0.0,0,False,False,False,False,False,False,False,False,False,False,True,True,Indian,lunch_dinner,50
N180,Sarson ka saag,Vegetable Dishes,87.8,3.0,5.3,5.9,3.7,0.8,165.4,67,134.4,2.43,59.6,0.0,0.0,1.8,45,0.0,0,False,False,False,False,False,False,False,False,False,False,True,True,North Indian,lunch_dinner,50
N571,Banana raita (Kele ka raita),Dairy & Paneer,89.0,4.1,13.5,2.1,1.0,10.1,135.4,102,133.2,0.31,5.7,0.0,0.0,0.6,55,0.0,0,False,False,False,False,False,False,False,False,False,False,True,True,Indian,lunch_dinner,50
F028,Banana,Fruits,89.0,1.1,23.0,0.3,2.6,12.0,1.0,358,5.0,0.3,8.7,0.0,0.0,0.1,51,0.0,0,False,False,False,False,False,False,False,False,False,False,True,True,Tropical,breakfast_snack,50
N171,Baked vegetables,Indian Foods,89.0,3.7,8.4,4.4,2.3,2.6,124.7,82,80.2,0.62,47.0,0.0,0.0,1.3,45,0.0,0,False,False,False,False,False,False,False,False,False,False,True,True,Indian,lunch_dinner,50
N516,Potato curry (Aloo ki sabzi),Vegetable Dishes,89.6,1.5,10.4,4.5,2.4,1.6,78.4,77,23.7,0.97,42.2,0.0,0.0,1.3,65,0.0,0,False,False,False,False,False,False,False,False,False,False,True,True,Indian,lunch_dinner,50
N712,Maize porridge,Breakfast Cereals & Porridge,89.6,2.1,15.6,1.9,1.7,7.7,5.6,98,17.0,1.11,3.0,0.0,0.0,0.6,45,0.0,0,False,False,False,False,False,False,False,False,False,False,True,True,Indian,breakfast,50
N223,Potato salad (Aloo ka salaad),Vegetable Dishes,89.9,1.4,11.2,4.4,1.3,3.9,125.0,79,25.6,0.99,58.8,0.0,0.0,1.3,65,0.0,0,False,False,False,False,False,False,False,False,False,False,True,True,Indian,lunch_dinner,50
N413,Hot chocolate,Indian Foods,90.0,3.4,9.0,4.6,0.0,8.9,36.0,83,113.6,0.33,3.6,0.0,0.0,1.4,55,0.0,0,False,False,False,False,False,False,False,False,False,False,True,True,Indian,lunch_dinner,50
N012,Hot cocoa,Indian Foods,90.1,3.4,9.2,4.6,0.0,9.0,24.2,84,113.7,0.31,3.6,0.0,0.0,1.4,45,0.0,450,False,False,False,False,False,False,False,False,False,False,True,True,Indian,lunch_dinner,50
N150,Stuffed capsicum (Bharwa shimla mirch),Indian Foods,90.9,1.3,8.3,5.7,2.0,1.2,173.9,69,15.2,0.61,74.2,0.0,0.0,1.7,45,0.0,0,False,False,False,False,False,False,False,False,False,False,True,True,Indian,lunch_dinner,50
N525,Bathua bhujia,Indian Foods,90.9,2.3,3.6,7.3,3.8,1.1,82.0,58,165.8,2.36,66.6,0.0,0.0,2.2,45,0.0,0,False,False,False,False,False,False,False,False,False,False,True,True,Indian,lunch_dinner,50
N524,Mooli bhujia,Indian Foods,91.2,1.7,4.7,7.2,2.4,1.1,89.7,59,131.9,2.37,80.8,0.0,0.0,2.2,45,0.0,0,False,False,False,False,False,False,False,False,False,False,True,True,Indian,lunch_dinner,50
N151,Stuffed brinjal (Bharwa baingan),Vegetable Dishes,93.0,1.5,4.0,7.7,4.1,0.9,212.9,55,24.4,0.75,1.1,0.0,0.0,2.3,45,0.0,0,False,False,False,False,False,False,False,False,False,False,True,True,Indian,lunch_dinner,50
N726,Poshtik khichdi/khichri,Rice Dishes,93.4,3.0,15.6,1.9,2.0,0.3,41.7,103,30.4,1.0,25.8,0.0,0.0,0.6,45,0.0,0,False,False,False,False,False,False,False,False,False,False,True,True,Indian,lunch_dinner,50
N704,Shishu ahar,Indian Foods,93.4,2.6,17.4,1.4,1.0,6.6,2.7,108,13.8,1.02,0.0,0.0,0.0,0.4,45,0.0,0,False,False,False,False,False,False,False,False,False,False,True,True,Indian,lunch_dinner,50
N275,Snow flakes pudding,Sweets & Desserts,95.2,4.7,8.1,5.0,0.0,8.0,39.6,89,101.3,0.42,5.5,0.0,0.0,1.5,75,0.0,0,False,False,False,False,False,False,False,False,False,False,True,True,Indian,snack,50
N537,"Cauliflower, pea and potato bhujia (Phoolgobhi, matar aur aloo bhujia)",Vegetable Dishes,95.7,2.8,8.2,5.5,3.3,1.5,86.3,78,21.0,0.98,53.5,0.0,0.0,1.7,65,11.0,0,False,False,False,False,False,False,False,False,False,False,True,True,Indian,lunch_dinner,50
N132,Sambar,Indian Foods,96.9,3.4,10.6,4.4,3.5,3.3,159.5,90,30.2,1.24,20.4,0.0,0.0,1.3,45,0.0,0,False,False,False,False,False,False,False,False,False,False,True,True,Indian,lunch_dinner,50
N457,Kashmiri 'tahar',Indian Foods,98.2,2.0,19.1,1.4,1.0,0.2,61.3,111,3.9,0.32,0.0,0.0,0.0,0.4,45,0.0,0,False,False,False,False,False,False,False,False,False,False,True,True,Kashmiri,lunch_dinner,50
N276,Kulfi,Sweets & Desserts,98.4,3.2,11.3,4.7,0.1,10.4,24.0,92,111.9,0.2,5.0,0.0,0.0,1.4,45,0.0,0,False,False,False,False,False,False,False,False,False,False,True,True,Indian,snack,50
N546,Stuffed baked potatoes,Indian Foods,100.2,3.8,11.0,4.4,1.3,0.4,92.1,94,25.7,0.81,18.8,0.0,0.0,1.3,65,0.0,0,False,False,False,False,False,False,False,False,False,False,True,True,Indian,lunch_dinner,50
N153,Pea potato curry (Aloo matar),Vegetable Dishes,100.9,3.5,9.7,5.1,3.6,1.9,154.8,88,21.1,1.02,70.0,0.0,0.0,1.5,65,0.0,0,False,False,False,False,False,False,False,False,False,False,True,True,Indian,lunch_dinner,50
N157,Pea vadi curry,Vegetable Dishes,102.0,4.6,8.9,5.1,4.3,1.9,149.5,91,23.6,1.2,77.6,0.0,0.0,1.5,45,0.0,0,False,False,False,False,False,False,False,False,False,False,True,True,Indian,lunch_dinner,50
N783,Lotus stem pickle (Kamal kakdi ka achar),Accompaniments,102.7,1.4,20.1,1.6,8.6,2.5,181.8,111,137.7,20.57,12.4,0.0,0.0,0.5,45,0.0,0,False,False,False,False,False,False,False,False,False,False,True,True,Indian,condiment,50
N156,Pea curry (Matar ki sabzi),Vegetable Dishes,103.0,4.5,9.2,5.1,4.4,2.0,154.8,92,24.5,1.2,77.6,0.0,0.0,1.5,45,0.0,0,False,False,False,False,False,False,False,False,False,False,True,True,Indian,lunch_dinner,50
N142,Dry potato (Sookhe aloo),Vegetable Dishes,103.2,1.6,14.4,4.2,1.9,0.3,200.0,93,17.2,0.83,23.2,0.0,0.0,1.3,65,0.0,0,False,False,False,False,False,False,False,False,False,False,True,True,Indian,lunch_dinner,50
N562,Frozen frosty fruit salad (Phalon ka salaad),Accompaniments,103.5,1.7,15.6,4.2,0.3,14.4,13.2,99,28.6,0.41,33.4,0.0,0.0,1.3,45,0.0,0,False,False,False,False,False,False,False,False,False,False,True,True,Indian,condiment,50
N136,Potato cauliflower (Aloo gobhi),Vegetable Dishes,106.2,1.9,6.0,8.1,3.0,0.4,254.8,67,22.9,1.07,61.1,0.0,0.0,2.4,65,8.0,0,False,False,False,False,False,False,False,False,False,False,True,True,Indian,lunch_dinner,50
N258,Baked custard,Indian Foods,106.5,5.4,9.4,5.3,0.0,9.4,47.1,99,95.3,0.54,3.0,0.0,0.0,1.6,45,0.0,0,False,False,False,False,False,False,False,False,False,False,True,True,Indian,lunch_dinner,50
N593,Fruit delight,Indian Foods,107.1,2.1,9.1,7.1,0.1,9.0,17.3,80,71.7,0.15,7.7,0.0,0.0,2.1,45,0.0,0,False,False,False,False,False,False,False,False,False,False,True,True,Indian,lunch_dinner,50
N459,Peas pulao (Matar pulao),Rice Dishes,108.9,3.9,18.4,1.9,3.2,1.3,86.2,121,18.2,0.78,62.4,0.0,0.0,0.6,45,0.0,0,False,False,False,False,False,False,False,False,False,False,True,True,Indian,lunch_dinner,50
N259,Soft Custard (stirred),Indian Foods,109.2,5.0,11.2,5.1,0.0,11.2,122.2,104,95.8,0.49,3.6,0.0,0.0,1.5,45,0.0,0,False,False,False,False,False,False,False,False,False,False,True,True,Indian,lunch_dinner,50
N159,Lotus stem curry (Kamal kakdi curry),Vegetable Dishes,110.3,1.5,9.2,7.2,3.1,2.1,217.0,76,26.6,1.71,40.0,0.0,0.0,2.2,45,0.0,0,False,False,False,False,False,False,False,False,False,False,True,True,Indian,lunch_dinner,50
N547,Potato nests,Indian Foods,111.6,5.7,11.0,4.8,2.5,1.4,182.1,107,55.2,0.87,37.5,0.0,0.0,1.4,65,0.0,0,False,False,False,False,False,False,False,False,False,False,True,True,Indian,lunch_dinner,50
N831,Vegetable namkeen jave,Snacks & Street Food,112.2,2.9,19.0,2.5,2.9,1.0,32.1,118,10.3,1.07,12.4,0.0,0.0,0.8,45,0.0,0,False,False,False,False,False,False,False,False,False,False,True,True,Indian,lunch_dinner,50
N049,Wheat flakes,Breakfast Cereals & Porridge,112.4,3.6,15.6,4.0,0.4,7.3,22.4,111,103.2,0.62,4.8,0.0,0.0,1.2,45,0.0,0,True,False,False,False,False,False,False,False,False,False,True,True,Indian,breakfast,50
N048,Rice flakes (Chiwda/Aval),Rice Dishes,112.4,3.6,15.6,4.0,0.4,7.3,22.4,111,103.2,0.62,4.8,0.0,0.0,1.2,72,0.0,0,False,False,False,False,False,False,False,False,False,False,True,True,Indian,lunch_dinner,50
N278,Meringue and rice pudding,Rice Dishes,112.9,4.8,14.6,4.0,0.2,10.9,44.2,115,85.4,0.37,3.0,0.0,0.0,1.2,75,0.0,0,False,False,False,False,False,False,False,False,False,False,True,True,Indian,lunch_dinner,50
N085,Mixed vegetable pulao,Rice Dishes,113.0,2.7,17.5,3.3,2.7,1.4,187.9,112,19.6,0.6,26.2,0.0,0.0,1.0,45,0.0,0,False,False,False,False,False,False,False,False,False,False,True,True,Indian,lunch_dinner,50
N051,Puffed wheat (Murmure/Moori),Indian Foods,113.3,3.6,15.7,4.0,0.3,7.3,22.5,112,103.8,0.63,4.8,0.0,0.0,1.2,45,0.0,0,True,False,False,False,False,False,False,False,False,False,True,True,Indian,lunch_dinner,50
N215,Russian salad,Accompaniments,114.8,4.3,6.5,7.8,2.6,1.7,101.1,84,34.9,1.23,49.6,0.0,0.0,2.4,45,0.0,0,False,False,False,False,False,False,False,False,False,False,True,True,Indian,condiment,50
N876,Soya seekh kebab,Snacks & Street Food,115.0,5.4,10.0,5.9,2.2,0.5,92.2,103,15.7,1.26,8.6,0.0,0.0,1.8,58,0.0,54,False,False,False,False,False,False,True,False,False,False,True,True,Indian,snack,50
N249,Phirni,Indian Foods,116.1,3.5,16.1,4.3,0.4,10.8,22.5,113,104.6,0.23,5.0,0.0,0.0,1.3,45,0.0,0,False,False,False,False,False,False,False,False,False,False,True,True,Indian,lunch_dinner,50
N274,Triffle pudding,Sweets & Desserts,117.0,2.9,18.2,3.9,0.1,13.9,27.0,117,48.7,0.47,19.3,0.0,0.0,1.2,75,0.0,0,False,False,False,False,False,False,False,False,False,False,True,True,Indian,snack,50
N083,Boiled rice (Uble chawal),Rice Dishes,117.2,2.6,25.7,0.2,1.2,0.2,1.0,140,2.7,0.24,0.0,0.0,0.0,0.1,45,0.0,0,False,False,False,False,False,False,False,False,False,False,True,True,Indian,lunch_dinner,50
J022,Jain Corn Sabzi,Vegetable Dishes,118.0,3.5,22.5,3.5,3.2,4.5,285.0,245,8.0,0.8,5.5,0.0,0.0,0.8,52,0.0,0,False,False,False,False,False,False,False,False,False,False,True,True,Jain,lunch_dinner,50
N548,Parsley potato,Indian Foods,119.5,1.5,13.8,6.3,1.6,0.3,4.6,94,11.4,0.55,23.8,0.0,0.0,1.9,65,0.0,0,False,False,False,False,False,False,False,False,False,False,True,True,Indian,lunch_dinner,50
N462,Mexican rice,Rice Dishes,120.6,4.6,14.2,4.9,1.6,1.4,93.4,113,14.5,0.55,42.7,0.0,0.0,1.5,45,0.0,0,False,False,False,False,False,False,False,False,False,False,True,True,Indian,lunch_dinner,50
N099,Chinese fried rice,Rice Dishes,120.6,4.0,13.4,5.4,2.3,1.5,248.4,107,34.7,0.99,67.4,0.0,0.0,1.6,72,0.0,0,False,False,False,False,False,False,False,False,False,False,True,True,Chinese,lunch_dinner,50
N702,Cereal mix,Indian Foods,120.8,3.3,21.8,2.0,2.0,10.7,9.3,132,21.4,1.18,0.6,0.0,0.0,0.6,45,0.0,0,False,False,False,False,False,False,False,False,False,False,True,True,Indian,lunch_dinner,50
N578,Caramel custard (baked),Indian Foods,122.7,5.1,15.0,5.0,0.0,14.9,44.8,120,90.6,0.53,3.0,0.0,0.0,1.5,45,0.0,0,False,False,False,False,False,False,False,False,False,False,True,True,Indian,lunch_dinner,50
N824,Masala souffle,Vegetable Dishes,123.5,6.4,8.0,7.4,1.2,1.8,131.1,104,103.7,0.74,382.6,0.0,0.0,2.2,45,0.0,0,False,False,False,False,False,False,False,False,False,False,True,True,Indian,lunch_dinner,50
N271,Mango mousse,Indian Foods,125.0,3.2,9.1,8.5,0.9,8.9,19.6,89,51.4,0.35,42.8,0.0,0.0,2.5,55,0.0,0,False,False,False,False,False,False,False,False,False,False,True,True,Indian,lunch_dinner,50
N106,Pasta hot pot,Indian Foods,125.2,5.8,11.6,6.5,0.8,6.0,231.2,113,55.3,0.82,58.7,0.0,0.0,1.9,72,0.0,0,True,False,False,False,False,False,False,False,False,False,True,True,Italian,lunch_dinner,50
N061,Vegetable pancake,Breakfast Cereals & Porridge,125.2,3.9,12.2,6.6,2.5,2.1,116.7,103,42.9,0.79,20.6,0.0,0.0,2.0,72,0.0,0,True,False,False,False,False,False,False,False,False,False,True,True,Continental,breakfast,50
N137,Potato capsicum (Shimla mirch aloo),Vegetable Dishes,125.5,1.4,8.7,9.3,2.0,0.5,277.9,77,16.4,0.86,81.3,0.0,0.0,2.8,65,0.0,0,False,False,False,False,False,False,False,False,False,False,True,True,Indian,lunch_dinner,50
N160,Gravy for kofta,Indian Foods,125.6,1.8,6.3,10.4,2.0,3.7,312.9,72,39.6,0.75,17.0,0.0,0.0,3.1,45,0.0,0,False,False,False,False,False,False,False,False,False,False,True,True,Indian,lunch_dinner,50
N357,Hot potato souffle,Indian Foods,125.6,5.5,8.6,7.6,0.7,1.8,97.2,101,56.8,0.79,30.2,0.0,0.0,2.3,65,0.0,0,False,False,False,False,False,False,False,False,False,False,True,True,Indian,lunch_dinner,50
N806,Paaner do pyaza,Indian Foods,127.7,4.2,3.4,10.9,0.8,2.2,160.7,76,57.2,0.45,16.8,0.0,0.0,3.3,45,0.0,0,False,False,False,False,False,False,False,False,False,False,True,True,Indian,lunch_dinner,50
J008,Jain Poha,Breakfast Cereals & Porridge,128.0,2.8,25.5,2.8,1.8,1.5,285.0,165,14.0,1.8,5.5,0.0,0.0,0.5,55,0.0,0,False,False,False,False,False,False,False,False,False,False,True,True,Jain,breakfast,50
N427,Bread upma,Breakfast Cereals & Porridge,129.5,2.8,12.6,7.8,2.0,1.6,176.4,100,45.2,0.82,4.6,0.0,0.0,2.3,72,0.0,0,True,False,False,False,False,False,False,False,False,False,True,True,Indian,breakfast,50
N101,Vegetable chowmein,Indian Foods,129.7,3.1,15.4,6.4,1.9,2.0,258.5,111,28.3,0.99,85.4,0.0,0.0,1.9,45,0.0,0,False,False,False,False,False,False,False,False,False,False,True,True,Indian,lunch_dinner,50
F069,Poha,Indian Foods,130.0,2.6,26.8,2.1,1.7,1.2,285.0,165,14.0,1.8,3.5,0.0,0.0,0.4,55,0.0,0,False,False,False,False,False,False,False,False,False,False,True,True,Indian,breakfast,50
N494,Soya chunks korma (Nutrinugget korma),Indian Foods,131.4,3.9,7.7,9.5,2.6,4.7,149.0,90,89.7,1.18,11.6,0.0,0.0,2.8,45,0.0,54,False,False,False,False,False,False,True,False,False,False,True,True,Indian,lunch_dinner,50
N146,Raw turnip with coconut,Indian Foods,132.2,1.8,5.8,11.5,2.8,4.4,275.6,72,50.6,0.82,21.6,0.0,0.0,3.4,45,0.0,0,False,False,False,False,False,False,False,False,False,False,True,True,Indian,lunch_dinner,50
N282,Queen of pudding,Sweets & Desserts,132.9,5.5,16.4,5.4,0.3,11.8,85.6,129,78.3,0.53,8.1,0.0,0.0,1.6,75,0.0,0,False,False,False,False,False,False,False,False,False,False,True,True,Indian,snack,50
N490,Boti kebab,Snacks & Street Food,132.9,9.2,3.1,9.3,0.8,2.1,78.1,105,98.7,1.41,4.5,0.0,0.0,2.8,58,0.0,0,False,False,False,False,False,False,False,False,False,False,True,True,Indian,snack,50
N528,Dry arbi (Sookhi arbi),Vegetable Dishes,135.0,2.1,11.1,9.0,2.5,1.6,81.2,91,22.8,0.68,8.1,0.0,0.0,2.7,65,0.0,0,False,False,False,False,False,False,False,False,False,False,True,True,Indian,lunch_dinner,50
N486,Dry masala chops,Vegetable Dishes,135.1,9.1,3.3,9.5,0.9,2.3,83.5,105,112.2,1.39,1.9,0.0,0.0,2.9,45,0.0,0,False,False,False,False,False,False,False,False,False,False,True,True,Indian,lunch_dinner,50
N458,Cumin pulao (Jeera/Zeera pulao),Rice Dishes,135.2,2.5,23.6,3.2,1.4,0.6,219.7,136,7.2,0.33,1.4,0.0,0.0,1.0,45,0.0,0,False,False,False,False,False,False,False,False,False,False,True,True,Indian,lunch_dinner,50
N140,Potato fenugreek (Aloo methi),Vegetable Dishes,135.2,2.2,8.5,10.0,2.9,0.5,221.9,83,107.8,2.53,68.8,0.0,0.0,3.0,65,0.0,380,False,False,False,False,False,False,False,False,False,False,True,True,Indian,lunch_dinner,50
N175,Shepherd's pie (vegetarian),Indian Foods,135.6,5.0,12.0,7.3,2.2,2.8,118.2,111,85.6,0.76,51.7,0.0,0.0,2.2,45,0.0,0,False,False,False,False,False,False,False,False,False,False,True,True,Indian,lunch_dinner,50
N174,Baked potato with skin,Indian Foods,135.8,3.4,11.1,8.5,1.2,1.7,354.5,99,90.1,0.5,11.9,0.0,0.0,2.6,65,0.0,0,False,False,False,False,False,False,False,False,False,False,True,True,Indian,lunch_dinner,50
N830,Gram flour chilla/cheela (Besan chilla/cheela),Indian Foods,135.9,7.8,21.0,2.8,4.2,1.9,135.6,159,28.4,2.19,1.7,0.0,0.0,0.9,45,0.0,0,False,False,False,False,False,False,False,False,False,False,True,True,Indian,lunch_dinner,50
E042,Chila,Breakfast Cereals & Porridge,138.0,5.5,22.5,3.5,3.8,1.5,285.0,245,32.0,2.5,5.5,0.0,0.0,0.5,48,0.0,0,False,False,False,False,False,False,False,False,False,False,True,True,Chhattisgarhi,breakfast,50
E020,Pohe (Flattened Rice),Breakfast Cereals & Porridge,138.0,3.2,26.5,2.8,1.5,1.8,320.0,185,14.0,1.8,5.5,0.0,0.0,0.5,58,0.0,0,False,False,False,False,False,False,False,False,False,False,True,True,Maharashtrian,breakfast,50
N190,Roghan josh,Indian Foods,139.6,9.6,4.9,9.0,2.1,2.7,204.3,114,112.3,1.77,12.4,0.0,0.0,2.7,45,0.0,0,False,False,False,False,False,False,False,False,False,False,True,True,Indian,lunch_dinner,50
N084,Plain pulao,Rice Dishes,140.2,2.3,21.8,4.6,1.7,1.2,193.8,130,12.8,0.41,3.4,0.0,0.0,1.4,45,0.0,0,False,False,False,False,False,False,False,False,False,False,True,True,Indian,lunch_dinner,50
N886,Sweet wheat porridge (Sweet dalia),Dals & Legumes,140.7,5.1,23.8,2.8,2.4,12.2,24.6,153,99.2,1.98,0.0,0.0,0.0,0.8,75,26.0,0,True,False,False,False,False,False,False,False,False,False,True,True,Indian,lunch_dinner,50
N224,Waldroff salad,Accompaniments,141.8,1.5,11.0,10.0,1.9,8.2,13.4,89,29.3,1.07,21.4,0.0,0.0,3.0,45,0.0,0,False,False,False,False,False,False,False,False,False,False,True,True,Indian,condiment,50
J007,Jain Khichdi,Rice Dishes,142.0,5.5,24.5,3.5,4.2,1.2,285.0,215,32.0,1.8,2.5,0.0,0.0,0.8,42,35.0,0,False,False,False,False,False,False,False,False,False,False,True,True,Jain,lunch_dinner,50
N887,Vegetable khichdi/khichri,Rice Dishes,143.2,5.6,19.6,4.5,2.4,3.7,193.6,142,100.5,1.09,0.0,0.0,0.0,1.4,45,0.0,0,False,False,False,False,False,False,False,False,False,False,True,True,Indian,lunch_dinner,50
F068,Upma,Indian Foods,144.0,3.8,22.0,4.8,2.1,1.2,340.0,180,18.0,1.6,5.0,0.0,0.0,0.7,58,0.0,0,True,False,False,False,False,False,False,False,False,False,True,True,Indian,breakfast,50
N466,Masala dosa mixed vegetable fillings,South Indian Breakfast,144.5,4.8,23.0,3.3,4.3,1.5,122.1,149,31.8,1.21,52.1,0.0,0.0,1.0,45,0.0,0,True,False,False,False,False,False,False,False,False,False,True,True,Indian,breakfast,50
N428,Vegetable upma,Breakfast Cereals & Porridge,146.5,4.7,16.5,6.6,4.2,1.4,347.0,127,26.7,1.35,14.4,0.0,0.0,2.0,45,0.0,0,True,False,False,False,False,False,False,False,False,False,True,True,Indian,breakfast,50
N453,Pizza,Indian Foods,146.8,6.8,9.9,8.7,1.7,1.4,225.0,116,77.2,0.66,42.9,0.0,0.0,2.6,72,0.0,0,True,False,False,False,False,False,False,False,False,False,True,True,Italian,lunch_dinner,50
N859,Baked potato soup,Soups,147.0,5.7,5.8,11.2,0.3,3.4,268.7,97,106.6,0.27,18.9,0.0,0.0,3.4,65,0.0,0,False,False,False,False,False,False,False,False,False,False,True,True,Continental,lunch_dinner,50
N183,Al yakhani,Indian Foods,147.5,2.9,4.6,13.1,1.3,3.6,206.2,77,103.9,0.46,5.4,0.0,0.0,3.9,45,0.0,0,False,False,False,False,False,False,False,False,False,False,True,True,Indian,lunch_dinner,50
N752,Mango vanilla custard,Indian Foods,147.6,3.4,18.4,7.0,1.0,14.6,30.1,127,84.9,0.58,16.0,0.0,0.0,2.1,55,0.0,0,False,False,False,False,False,False,False,False,False,False,True,True,Indian,lunch_dinner,50
N424,Semolina upma (Suji/Rava upma),Breakfast Cereals & Porridge,147.9,3.3,16.3,7.5,3.2,1.3,101.6,118,21.6,1.1,4.6,0.0,0.0,2.2,45,0.0,0,True,False,False,False,False,False,False,False,False,False,True,True,Indian,breakfast,50
F110,Kashmiri Dum Aloo,Indian Foods,148.0,3.2,22.5,5.8,3.2,3.8,420.0,480,32.0,1.8,14.5,0.0,0.0,1.2,65,0.0,0,False,False,False,False,False,False,False,False,False,False,True,True,Kashmiri,lunch_dinner,50
N447,Methi parantha/paratha,Breads & Flatbreads,148.4,4.3,22.2,4.3,5.1,2.4,48.4,144,65.8,2.42,12.6,0.0,0.0,1.3,62,0.0,380,True,False,False,False,False,False,False,False,False,False,True,True,Indian,lunch_dinner,50
N129,Lobia curry,Vegetable Dishes,149.0,6.1,17.9,5.6,4.6,2.5,355.4,140,36.8,2.21,15.1,0.0,0.0,1.7,45,0.0,0,False,False,False,False,False,False,False,False,False,False,True,True,Indian,lunch_dinner,50
N425,Vermicelli upma (Semiya/Seviyan upma),Breakfast Cereals & Porridge,149.1,3.1,16.9,7.4,3.2,1.4,101.8,119,20.3,0.93,4.6,0.0,0.0,2.2,45,0.0,0,True,False,False,False,False,False,False,False,False,False,True,True,Indian,breakfast,50
N408,Paushtik roti,Breads & Flatbreads,149.3,7.2,26.6,1.5,5.7,2.0,171.0,176,52.7,2.62,6.6,0.0,0.0,0.5,62,0.0,0,True,False,False,False,False,False,False,False,False,False,True,True,Indian,lunch_dinner,50
N426,Rice upma,Rice Dishes,151.3,2.6,18.0,7.5,2.1,1.1,101.8,121,17.6,0.67,4.6,0.0,0.0,2.2,45,0.0,0,True,False,False,False,False,False,False,False,False,False,True,True,Indian,lunch_dinner,50
N705,Cereal pulse mix with amylase rice flour,Rice Dishes,151.6,4.3,27.8,2.7,3.5,8.8,1.0,165,12.6,1.19,0.0,0.0,0.0,0.8,45,0.0,0,False,False,False,False,False,False,False,False,False,False,True,True,Indian,lunch_dinner,50
F143,Ragi Mudde,Vegetable Dishes,155.0,3.5,32.5,1.2,3.8,0.5,8.0,285,348.0,3.9,0.0,0.0,0.0,0.2,68,0.0,0,False,False,False,False,False,False,False,False,False,False,True,True,Karnataka,lunch_dinner,50
F128,Appam,Vegetable Dishes,155.0,3.2,28.5,3.2,1.5,1.8,185.0,125,18.0,1.2,0.0,0.0,0.0,0.5,62,0.0,0,False,False,False,False,False,False,False,False,False,False,True,True,Kerala,breakfast,50
E007,Bajra Khichdi,Rice Dishes,155.0,5.2,28.5,3.5,4.8,1.2,285.0,245,28.0,2.2,0.0,0.0,0.0,0.8,52,0.0,0,False,False,False,False,False,False,False,False,False,False,True,True,Haryanvi,lunch_dinner,50
E029,Idiyappam,South Indian Breakfast,155.0,3.2,32.5,0.8,1.2,0.5,8.0,125,18.0,1.2,0.0,0.0,0.0,0.2,68,0.0,0,False,False,False,False,False,False,False,False,False,False,True,True,Tamil Nadu,breakfast,50
E012,Tehri,Rice Dishes,155.0,4.5,26.5,3.8,3.5,2.5,385.0,245,32.0,1.8,5.5,0.0,0.0,1.2,52,0.0,0,False,False,False,False,False,False,False,False,False,False,True,True,UP,lunch_dinner,50
N605,Hot lemon souffle,Indian Foods,155.2,5.3,16.3,7.9,0.1,12.1,47.8,132,48.8,0.55,12.9,0.0,0.0,2.4,45,0.0,0,False,False,False,False,False,False,False,False,False,False,True,True,Indian,lunch_dinner,50
E041,Fara,Snacks & Street Food,158.0,4.5,28.5,3.5,2.5,1.5,285.0,125,18.0,1.5,5.5,0.0,0.0,0.8,55,0.0,0,False,False,False,False,False,False,False,False,False,False,True,True,Chhattisgarhi,snack,50
N772,Greenpea cookies,Indian Foods,159.4,6.5,23.1,4.2,5.3,14.4,229.9,162,48.4,1.47,16.8,0.0,0.0,1.3,45,0.0,0,False,False,False,False,False,False,False,False,False,False,True,True,Indian,lunch_dinner,50
N730,Poshtik chilla/cheela,Indian Foods,159.5,4.8,27.5,3.0,4.9,1.2,97.2,167,18.2,2.1,0.6,0.0,0.0,0.9,45,0.0,0,False,False,False,False,False,False,False,False,False,False,True,True,Indian,lunch_dinner,50
N557,Spring basket salad,Accompaniments,160.5,3.4,11.6,11.3,3.1,1.5,26.0,106,45.6,0.85,70.8,0.0,0.0,3.4,45,0.0,0,False,False,False,False,False,False,False,False,False,False,True,True,Indian,condiment,50
N062,Jam and fruit pancake,Breakfast Cereals & Porridge,162.0,3.8,20.7,7.0,1.2,7.8,93.1,139,54.1,0.52,6.5,0.0,0.0,2.1,75,0.0,0,True,False,False,False,False,False,False,False,False,False,True,True,Continental,breakfast,50
N098,Spanish rice,Rice Dishes,164.2,4.2,31.1,2.2,2.8,1.3,96.6,177,18.9,0.92,48.7,0.0,0.0,0.7,45,0.0,0,False,False,False,False,False,False,False,False,False,False,True,True,Indian,lunch_dinner,50
N038,Pea potato sandwich (toasted) (Matar aloo ka sandwich),Sandwiches,164.9,4.6,25.2,5.4,2.9,1.3,262.6,160,64.2,1.11,14.1,0.0,0.0,1.6,72,0.0,0,True,False,False,False,False,False,False,False,False,False,True,True,Continental,breakfast,50
E067,Jowar Roti,Breads & Flatbreads,165.0,4.5,32.5,1.8,4.2,0.5,8.0,185,22.0,2.8,0.0,0.0,0.0,0.4,62,0.0,0,False,False,False,False,False,False,False,False,False,False,True,True,Maharashtrian,lunch_dinner,50
J019,Jain Besan Chilla,Breakfast Cereals & Porridge,165.0,9.5,22.5,4.5,5.5,1.5,285.0,285,52.0,2.5,5.5,0.0,0.0,0.5,45,0.0,0,False,False,False,False,False,False,False,False,False,False,True,True,Jain,breakfast,50
E068,Bajra Roti,Breads & Flatbreads,168.0,4.8,33.5,1.5,3.8,0.5,8.0,195,42.0,3.2,0.0,0.0,0.0,0.3,65,0.0,0,False,False,False,False,False,False,False,False,False,False,True,True,Rajasthani,lunch_dinner,50
F136,Pesarattu,Vegetable Dishes,168.0,10.5,24.5,3.8,5.2,1.5,285.0,285,32.0,2.8,8.5,0.0,0.0,0.6,48,0.0,0,False,False,False,False,False,False,False,False,False,False,True,True,Andhra,breakfast,50
N264,Lemon souffle,Indian Foods,168.5,7.0,13.4,10.0,0.0,11.7,50.7,135,59.8,0.56,12.9,0.0,0.0,3.0,45,0.0,0,False,False,False,False,False,False,False,False,False,False,True,True,Indian,lunch_dinner,50
N595,Cold lemon souffle,Indian Foods,169.9,5.9,15.6,9.8,0.0,13.9,46.4,137,55.0,0.53,8.6,0.0,0.0,2.9,45,0.0,0,False,False,False,False,False,False,False,False,False,False,True,True,Indian,lunch_dinner,50
N093,Vegetable biryani/biriyani,Rice Dishes,174.6,3.2,18.6,9.5,3.3,2.1,183.8,131,33.5,0.86,39.4,0.0,0.0,2.9,65,0.0,0,False,False,False,False,False,False,False,False,False,False,True,True,Hyderabadi,lunch_dinner,50
F109,Besan Chilla,Indian Foods,175.0,9.8,24.5,4.2,5.8,2.1,380.0,290,52.0,2.8,8.5,0.0,0.0,0.6,45,0.0,0,False,False,False,False,False,False,False,False,False,False,True,True,North Indian,breakfast,50
N218,Hawain salad,Accompaniments,175.2,4.3,14.4,11.4,3.9,5.2,64.9,124,61.0,1.12,51.8,0.0,0.0,3.4,45,0.0,0,False,False,False,False,False,False,False,False,False,False,True,True,Indian,condiment,50
N105,Penne platter,Indian Foods,177.4,5.0,20.9,8.7,1.1,4.5,283.4,151,67.7,0.9,16.4,0.0,0.0,2.6,45,0.0,0,False,False,False,False,False,False,False,False,False,False,True,True,Indian,lunch_dinner,50
E070,Singhara Atta Roti,Breads & Flatbreads,178.0,4.5,36.5,1.8,3.5,1.2,8.0,185,18.0,1.5,0.0,0.0,0.0,0.4,52,0.0,0,False,False,False,False,False,False,False,False,False,False,True,True,North Indian,breakfast,50
F129,Puttu,Vegetable Dishes,178.0,3.8,36.5,1.8,2.8,0.5,8.0,145,28.0,1.5,0.0,0.0,0.0,0.3,65,0.0,0,False,False,False,False,False,False,False,False,False,False,True,True,Kerala,breakfast,50
N070,Cauliflower parantha/paratha (Phoolgobhi ka parantha/paratha),Breads & Flatbreads,178.1,3.7,18.8,9.5,4.7,1.2,190.0,135,22.0,1.59,17.6,0.0,0.0,2.8,62,15.0,0,True,False,False,False,False,False,False,False,False,False,True,True,Indian,lunch_dinner,50
N832,Khakhra,Indian Foods,178.5,4.8,27.7,5.3,5.4,0.9,184.2,172,21.3,2.14,0.6,0.0,0.0,1.6,45,0.0,0,False,False,False,False,False,False,False,False,False,False,True,True,Indian,lunch_dinner,50
N598,Cold vanilla souffle,Indian Foods,179.5,6.2,16.3,10.3,0.0,14.5,49.1,142,62.5,0.52,1.3,0.0,0.0,3.1,45,0.0,0,False,False,False,False,False,False,False,False,False,False,True,True,Indian,lunch_dinner,50
N430,Vegetable poha,Breakfast Cereals & Porridge,180.5,4.9,21.5,8.1,3.8,1.4,418.0,152,28.0,1.92,7.2,0.0,0.0,2.4,72,0.0,0,False,False,False,False,False,False,False,False,False,False,True,True,Indian,breakfast,50
N597,Cold pineapple souffle,Indian Foods,181.2,6.2,16.8,10.4,0.0,15.0,49.4,145,57.1,0.54,1.9,0.0,0.0,3.1,55,0.0,0,False,False,False,False,False,False,False,False,False,False,True,True,Indian,lunch_dinner,50
F141,Akki Roti,Vegetable Dishes,182.0,3.5,36.5,2.8,1.8,0.8,285.0,125,18.0,1.2,5.5,0.0,0.0,0.5,65,0.0,0,False,False,False,False,False,False,False,False,False,False,True,True,Karnataka,breakfast,50
J014,Jain Pulao,Rice Dishes,182.0,3.8,32.5,4.5,2.5,1.5,285.0,145,22.0,1.2,5.5,0.0,0.0,1.5,55,0.0,0,False,False,False,False,False,False,False,False,False,False,True,True,Jain,lunch_dinner,50
N069,Radish parantha/paratha (Mooli ka parantha/paratha),Breads & Flatbreads,183.5,3.3,20.5,9.5,4.3,1.3,127.0,140,23.8,1.39,8.4,0.0,0.0,2.9,62,0.0,0,True,False,False,False,False,False,False,False,False,False,True,True,Indian,lunch_dinner,50
F178,Rice Pitha,Indian Foods,185.0,3.5,36.5,3.2,1.2,8.5,28.0,85,18.0,0.8,0.0,0.0,0.0,0.8,65,0.0,0,False,False,False,False,False,False,False,False,False,False,True,True,Assamese,breakfast_snack,50
E044,Dhuska,Snacks & Street Food,185.0,5.5,28.5,6.5,3.5,1.5,285.0,185,32.0,1.8,5.5,0.0,0.0,1.5,55,0.0,0,False,False,False,False,False,False,False,False,False,False,True,True,Jharkhand,snack,50
N529,Masala arbi,Vegetable Dishes,185.4,3.0,16.2,11.9,3.1,0.8,261.3,124,32.1,0.99,1.9,0.0,0.0,3.6,65,0.0,0,False,False,False,False,False,False,False,False,False,False,True,True,Indian,lunch_dinner,50
N647,French sandwich (toasted),Sandwiches,186.8,6.8,14.8,11.5,1.4,1.8,274.7,142,100.7,1.24,6.7,0.0,0.0,3.5,72,0.0,0,True,False,False,False,False,False,False,False,False,False,True,True,Continental,breakfast,50
N829,Sago khitchdi/khichri (Sabudana khitchdi/khichri),Indian Foods,187.2,2.7,22.4,10.1,1.8,1.0,100.3,145,15.1,0.86,13.4,0.0,0.0,3.0,65,0.0,0,False,False,False,False,False,False,False,False,False,False,True,True,Indian,lunch_dinner,50
N266,Vanilla souffle,Indian Foods,187.8,7.7,14.8,11.2,0.0,12.9,56.7,147,70.6,0.58,1.3,0.0,0.0,3.4,45,0.0,0,False,False,False,False,False,False,False,False,False,False,True,True,Indian,lunch_dinner,50
E026,Jolada Roti,Breads & Flatbreads,188.0,4.5,38.5,2.5,4.8,0.8,8.0,185,28.0,2.5,0.0,0.0,0.0,0.5,65,0.0,0,False,False,False,False,False,False,False,False,False,False,True,True,Karnataka,lunch_dinner,50
N270,Rich chocolate mousse,Indian Foods,188.3,8.0,10.8,12.2,0.0,10.3,51.7,134,54.6,0.97,0.7,0.0,0.0,3.7,55,0.0,0,False,False,False,False,False,False,False,False,False,False,True,True,Indian,lunch_dinner,50
N267,Chocolate souffle,Indian Foods,189.3,7.9,14.7,11.4,0.0,12.7,56.1,149,71.6,0.71,1.3,0.0,0.0,3.4,55,0.0,0,False,False,False,False,False,False,False,False,False,False,True,True,Indian,lunch_dinner,50
N485,Besan gatte curry,Vegetable Dishes,189.4,7.8,16.3,10.7,3.2,4.5,356.3,153,151.1,1.89,13.4,0.0,0.0,3.2,45,0.0,0,False,False,False,False,False,False,False,False,False,False,True,True,Rajasthani,lunch_dinner,50
N216,Pasta salad,Accompaniments,190.4,4.2,12.7,13.9,1.0,2.6,152.3,121,66.7,0.81,38.8,0.0,0.0,4.2,72,0.0,0,True,False,False,False,False,False,False,False,False,False,True,True,Italian,condiment,50
N073,Pea parantha/paratha (Matar ka parantha/paratha),Breads & Flatbreads,190.7,5.6,21.5,8.8,5.6,1.3,110.0,158,23.5,1.78,17.8,0.0,0.0,2.6,62,0.0,0,True,False,False,False,False,False,False,False,False,False,True,True,Indian,lunch_dinner,50
N446,Onion-green chilli parantha/paratha (Pyaaz aur hari mirch ka parantha/paratha),Breads & Flatbreads,191.3,4.4,26.4,7.3,5.2,2.7,241.2,168,24.9,1.81,3.0,0.0,0.0,2.2,62,0.0,0,True,False,False,False,False,False,False,False,False,False,True,True,Indian,lunch_dinner,50
N405,Sprouted moong poha,Dals & Legumes,192.6,5.6,26.6,6.9,3.1,1.9,220.8,176,28.4,2.43,19.2,0.0,0.0,2.1,72,28.0,0,False,False,False,False,False,False,False,False,False,False,True,True,Indian,lunch_dinner,50
N658,Danish luncheon sandwich,Sandwiches,193.8,9.0,17.8,10.1,1.5,1.1,365.6,166,77.1,1.27,2.4,0.0,0.0,3.0,68,0.0,0,True,False,False,False,False,False,False,False,False,False,True,True,Continental,breakfast,50
N844,Semolina dhokla (Suji/Rava dhokla),Snacks & Street Food,194.9,5.4,30.9,5.2,5.1,1.8,443.4,189,31.2,2.52,3.7,0.0,0.0,1.6,45,0.0,0,True,False,False,False,False,False,False,False,False,False,True,True,Gujarati,snack,50
E069,Kuttu Roti (Buckwheat),Breads & Flatbreads,195.0,5.5,35.5,3.2,4.5,1.5,28.0,245,22.0,1.8,0.0,0.0,0.0,0.8,45,0.0,0,False,False,False,False,False,False,False,False,False,False,True,True,North Indian,breakfast,50
E001,Dham (Himachali Thali),Rice Dishes,195.0,6.2,28.5,6.8,4.5,2.2,420.0,310,52.0,2.8,8.5,0.0,0.0,2.0,45,0.0,0,True,False,False,False,False,False,False,False,False,False,True,True,Himachali,lunch_dinner,50
N344,Pineapple tart,Indian Foods,195.4,2.3,28.6,8.2,0.9,11.1,37.9,165,12.0,0.5,6.8,0.0,0.0,2.5,55,0.0,0,False,False,False,False,False,False,False,False,False,False,True,True,Indian,lunch_dinner,50
N268,Pineapple souffle,Indian Foods,196.1,8.1,15.5,11.7,0.0,13.4,59.2,154,67.2,0.61,1.0,0.0,0.0,3.5,55,0.0,0,False,False,False,False,False,False,False,False,False,False,True,True,Indian,lunch_dinner,50
J015,Jain Paratha (plain),Breads & Flatbreads,198.0,5.8,28.5,7.5,4.2,1.2,185.0,145,22.0,2.2,0.0,0.0,0.0,2.2,58,0.0,0,True,False,False,False,False,False,False,False,False,False,True,True,Jain,breakfast,50
N030,Vegetarian club sandwich,Sandwiches,198.3,5.4,19.7,11.3,2.1,2.1,305.4,153,122.4,0.77,6.0,0.0,0.0,3.4,68,0.0,0,True,False,False,False,False,False,False,False,False,False,True,True,Continental,breakfast,50
N723,Gram flour and semolina dhokla (Besan suji dhokla),Snacks & Street Food,198.9,8.5,25.9,7.1,4.6,2.6,196.6,192,66.7,1.6,6.6,0.0,0.0,2.1,45,0.0,0,True,False,False,False,False,False,False,False,False,False,True,True,Gujarati,snack,50
N066,Chapati/Roti,Breads & Flatbreads,202.3,5.9,35.6,3.6,6.3,1.0,1.2,209,17.2,2.28,0.0,0.0,0.0,1.1,62,0.0,0,True,False,False,False,False,False,False,False,False,False,True,True,Indian,lunch_dinner,50
N059,Pancake,Breakfast Cereals & Porridge,203.4,5.7,20.5,10.8,0.6,3.3,143.7,158,79.5,0.69,0.5,0.0,0.0,3.2,72,0.0,0,True,False,False,False,False,False,False,False,False,False,True,True,Continental,breakfast,50
N068,Potato parantha/paratha (Aloo ka parantha/paratha),Breads & Flatbreads,205.0,3.7,23.9,10.2,4.2,1.2,127.2,158,17.4,1.52,8.0,0.0,0.0,3.1,62,0.0,0,True,False,False,False,False,False,False,False,False,False,True,True,Indian,lunch_dinner,50
N813,Schezwan chutney,Accompaniments,205.2,3.3,10.8,17.7,5.7,5.7,486.3,114,35.5,1.96,26.4,0.0,0.0,5.3,45,0.0,0,False,False,False,False,False,False,False,False,False,False,True,True,Indian,condiment,50
N729,Semolina idli (Suji/Rava idli),South Indian Breakfast,206.4,9.3,33.7,3.5,5.8,3.4,185.0,223,100.8,2.34,1.6,0.0,0.0,1.0,45,0.0,0,True,False,False,False,False,False,False,False,False,False,True,True,Indian,breakfast,50
N634,Instant dhokla,Snacks & Street Food,207.1,7.7,24.1,9.4,3.6,6.9,764.0,183,66.6,1.05,2.7,0.0,0.0,2.8,45,0.0,0,True,False,False,False,False,False,False,False,False,False,True,True,Gujarati,snack,50
N871,Gujarati handvo,Indian Foods,207.1,8.2,31.9,4.8,5.0,2.5,308.6,211,68.2,2.03,31.4,0.0,0.0,1.4,45,0.0,0,False,False,False,False,False,False,False,False,False,False,True,True,Gujarati,lunch_dinner,50
N350,Chocolate meringue pie,Indian Foods,214.8,5.0,28.8,9.2,0.4,15.0,80.8,185,56.0,0.92,1.3,0.0,0.0,2.8,55,0.0,0,False,False,False,False,False,False,False,False,False,False,True,True,Indian,lunch_dinner,50
F002,Brown Rice,Breads & Flatbreads,216.0,4.5,44.8,1.8,3.5,0.7,7.0,154,20.0,1.0,0.0,0.0,0.0,0.3,50,9.0,0,False,False,False,False,False,False,False,False,False,False,True,True,Asian,lunch_dinner,50
N694,Choux swans,Indian Foods,216.3,4.4,14.9,15.6,0.4,6.1,145.1,134,44.7,0.51,4.3,0.0,0.0,4.7,45,0.0,0,False,False,False,False,False,False,False,False,False,False,True,True,Indian,lunch_dinner,50
N076,Besan and spinach parantha/paratha (Besan aur palak ka parantha/paratha),Breads & Flatbreads,216.5,5.5,21.4,12.1,4.4,1.3,177.2,162,33.1,1.85,6.6,0.0,0.0,3.6,62,22.0,750,True,False,False,False,False,False,False,False,False,False,True,True,Indian,lunch_dinner,50
N655,Submarine sandwich,Sandwiches,216.9,6.1,13.6,15.3,1.2,2.5,254.3,139,72.4,1.23,21.4,0.0,0.0,4.6,68,0.0,0,True,False,False,False,False,False,False,False,False,False,True,True,Continental,breakfast,50
F101,Makki di Roti,Indian Foods,218.0,5.1,44.2,2.8,4.1,0.5,12.0,130,8.0,1.9,0.0,0.0,0.0,0.4,65,0.0,0,False,False,False,False,False,False,False,False,False,False,True,True,North Indian,lunch_dinner,50
E059,Sel Roti,Snacks & Street Food,225.0,3.5,38.5,7.5,1.2,8.5,125.0,85,12.0,1.2,0.0,0.0,0.0,2.5,68,0.0,0,False,False,False,False,False,False,False,False,False,False,True,True,Sikkimese,snack,50
J016,Jain Samosa (no potato),Snacks & Street Food,225.0,5.5,28.5,10.5,3.5,2.5,520.0,185,32.0,2.2,5.5,0.0,0.0,3.5,60,0.0,0,True,False,False,False,False,False,False,False,False,False,True,True,Jain,snack,50
N340,Custard tart,Indian Foods,225.6,3.7,28.7,10.7,0.9,9.3,59.7,179,57.5,0.49,1.2,0.0,0.0,3.2,45,0.0,0,False,False,False,False,False,False,False,False,False,False,True,True,Indian,lunch_dinner,50
N113,Semolina dosa (Suji/Rava dosa),South Indian Breakfast,227.0,7.3,32.8,7.1,4.0,4.4,202.4,213,116.0,1.39,2.3,0.0,0.0,2.1,45,0.0,0,True,False,False,False,False,False,False,False,False,False,True,True,Indian,breakfast,50
N072,Sprouted moong parantha/paratha,Breads & Flatbreads,228.6,4.3,24.3,12.4,4.5,1.5,153.9,167,20.3,1.94,2.0,0.0,0.0,3.7,62,22.0,0,True,False,False,False,False,False,False,False,False,False,True,True,Indian,lunch_dinner,50
N827,Pav bhaji masala,Vegetable Dishes,230.5,9.1,29.2,11.0,24.3,1.5,1814.7,217,588.9,12.84,0.1,0.0,0.0,3.3,72,0.0,0,True,False,False,False,False,False,False,False,False,False,True,True,Indian,lunch_dinner,50
N029,Club sandwich,Sandwiches,235.3,7.3,18.5,15.1,1.8,2.0,461.7,167,115.7,0.86,6.0,0.0,0.0,4.5,68,0.0,0,True,False,False,False,False,False,False,False,False,False,True,True,Continental,breakfast,50
N653,Ribbon sandwich,Sandwiches,239.3,6.3,24.8,13.4,2.9,4.7,382.1,184,157.8,1.05,4.6,0.0,0.0,4.0,68,0.0,0,True,False,False,False,False,False,False,False,False,False,True,True,Continental,breakfast,50
N657,Sunset and sunrise open sandwich,Sandwiches,241.3,8.6,18.9,15.1,1.4,2.0,381.3,177,114.1,1.28,3.9,0.0,0.0,4.5,68,0.0,0,True,False,False,False,False,False,False,False,False,False,True,True,Continental,breakfast,50
N689,Apple banana pie,Indian Foods,244.0,3.1,32.1,11.4,1.9,13.0,384.4,190,21.2,0.79,8.9,0.0,0.0,3.4,55,0.0,0,False,False,False,False,False,False,False,False,False,False,True,True,Indian,lunch_dinner,50
N035,Sweet open sandwich,Sandwiches,244.2,5.0,39.2,8.2,2.4,12.2,205.3,227,85.2,1.15,1.6,0.0,0.0,2.4,75,0.0,0,True,False,False,False,False,False,False,False,False,False,True,True,Continental,breakfast,50
F003,Whole Wheat Bread,Breads & Flatbreads,247.0,13.0,41.0,3.4,6.0,5.0,400.0,200,73.0,3.6,0.0,0.0,0.0,0.5,71,0.0,0,True,False,False,False,False,False,False,False,False,False,True,True,Western,breakfast,50
N464,Instant idli (with semolina),South Indian Breakfast,247.3,9.2,43.4,3.6,7.1,3.4,1504.7,264,93.2,2.31,0.1,0.0,0.0,1.1,45,0.0,0,True,False,False,False,False,False,False,False,False,False,True,True,Indian,breakfast,50
N650,Spicy chutney sandwich,Sandwiches,249.6,8.7,34.0,9.6,3.7,4.0,315.4,232,154.5,1.51,0.2,0.0,0.0,2.9,68,0.0,0,True,False,False,False,False,False,False,False,False,False,True,True,Continental,breakfast,50
N690,Lemon chiffon pie,Indian Foods,259.3,4.9,27.6,14.5,0.7,11.4,95.0,189,34.4,0.61,7.2,0.0,0.0,4.4,45,0.0,0,False,False,False,False,False,False,False,False,False,False,True,True,Indian,lunch_dinner,50
N686,Fruit flan,Indian Foods,261.4,3.3,34.7,12.5,0.7,9.5,110.0,205,19.3,0.61,3.3,0.0,0.0,3.7,45,0.0,0,False,False,False,False,False,False,False,False,False,False,True,True,Indian,lunch_dinner,50
N090,Navratan pulao,Rice Dishes,261.7,6.2,37.0,9.4,3.8,2.5,334.3,228,59.6,1.1,12.9,0.0,0.0,2.8,45,0.0,0,False,False,False,False,False,False,False,False,False,False,True,True,Indian,lunch_dinner,50
N699,Vegetable patties,Indian Foods,261.9,4.0,21.0,17.7,2.6,1.5,139.5,161,19.0,0.87,13.9,0.0,0.0,5.3,45,0.0,0,False,False,False,False,False,False,False,False,False,False,True,True,Indian,lunch_dinner,50
N817,Macaroni salad,Accompaniments,262.2,5.0,21.6,17.8,0.6,3.7,164.0,170,35.7,0.77,22.2,0.0,0.0,5.3,45,0.0,0,False,False,False,False,False,False,False,False,False,False,True,True,Indian,condiment,50
N836,Buckwheat pancake (Khura),Breakfast Cereals & Porridge,263.3,2.9,27.3,16.4,0.6,0.6,70.0,178,11.3,0.69,0.7,0.0,0.0,4.9,72,0.0,0,True,False,False,False,False,False,False,False,False,False,True,True,Continental,breakfast,50
N116,Makki ki roti,Breads & Flatbreads,264.0,3.5,24.2,16.8,5.2,0.7,236.2,170,14.8,1.11,2.0,0.0,0.0,5.1,62,0.0,0,True,False,False,False,False,False,False,False,False,False,True,True,North Indian,lunch_dinner,50
N338,Coconut chutney (Nariyal ki chutney),Accompaniments,265.9,3.6,8.3,25.0,6.7,3.8,428.3,118,15.7,1.25,4.1,0.0,0.0,7.5,45,0.0,0,False,False,False,False,False,False,False,False,False,False,True,True,Indian,condiment,50
N071,Dal parantha/paratha,Breads & Flatbreads,268.2,6.8,30.0,13.0,6.5,1.4,156.1,209,23.9,2.45,1.8,0.0,0.0,3.9,62,34.0,0,True,False,False,False,False,False,False,False,False,False,True,True,Indian,lunch_dinner,50
N028,Rainbow sandwich,Sandwiches,272.8,7.8,34.3,12.5,2.1,4.0,612.5,232,172.0,1.2,1.0,0.0,0.0,3.8,68,0.0,0,True,False,False,False,False,False,False,False,False,False,True,True,Continental,breakfast,50
N725,Soya roti,Breads & Flatbreads,284.0,9.2,40.0,9.2,8.7,1.6,155.9,259,53.4,3.85,4.0,0.0,0.0,2.8,62,0.0,54,True,False,False,False,False,False,True,False,False,False,True,True,Indian,lunch_dinner,50
F159,Sattu Paratha,Indian Foods,285.0,12.5,42.5,8.5,7.5,1.5,420.0,320,52.0,4.5,0.0,0.0,0.0,1.8,62,0.0,0,True,False,False,False,False,False,False,False,False,False,True,True,Bihari,breakfast,50
N109,Naan,Breads & Flatbreads,286.4,8.0,51.8,5.0,1.9,5.6,326.1,294,88.0,1.29,0.2,0.0,0.0,1.5,72,0.0,0,True,False,False,False,False,False,False,False,False,False,True,True,Indian,lunch_dinner,50
N688,Fruit puree tart,Indian Foods,286.5,3.4,30.4,16.8,1.3,9.8,49.6,195,19.6,0.63,2.6,0.0,0.0,5.0,45,0.0,0,False,False,False,False,False,False,False,False,False,False,True,True,Indian,lunch_dinner,50
N652,Rolled sandwich,Sandwiches,293.1,6.4,34.7,15.3,2.1,2.7,321.6,230,117.7,1.23,0.9,0.0,0.0,4.6,68,0.0,0,True,False,False,False,False,False,False,False,False,False,True,True,Continental,breakfast,50
N874,Jowar dosa,South Indian Breakfast,294.4,8.5,40.5,10.3,5.6,0.6,97.2,259,19.5,2.03,0.0,0.0,0.0,3.1,52,0.0,0,True,False,False,False,False,False,False,False,False,False,True,True,Indian,breakfast,50
N082,Tandoori parantha/paratha,Breads & Flatbreads,295.4,5.1,30.7,16.5,5.4,0.9,1.1,207,15.0,1.96,0.0,0.0,0.0,5.0,62,0.0,0,True,False,False,False,False,False,False,False,False,False,True,True,Indian,lunch_dinner,50
N769,Sweet potato biscuit (Shakarkand ke biscuit),Sweets & Desserts,296.4,5.1,38.1,13.3,2.3,2.5,339.6,232,56.3,0.81,8.0,0.0,0.0,4.0,75,0.0,240,True,False,False,False,False,False,False,False,False,False,True,True,Indian,snack,50
F060,Roti (Wheat),Indian Foods,297.0,9.4,63.0,1.4,2.3,0.3,2.0,190,34.0,3.9,0.0,0.0,0.0,0.3,62,0.0,0,True,False,False,False,False,False,False,False,False,False,True,True,Indian,lunch_dinner,50
N067,Plain parantha/paratha,Breads & Flatbreads,298.3,5.1,30.7,16.9,5.4,0.9,62.1,208,14.8,1.98,0.0,0.0,0.0,5.1,62,0.0,0,True,False,False,False,False,False,False,False,False,False,True,True,Indian,lunch_dinner,50
N341,Lemon tart,Indian Foods,303.4,6.1,30.7,17.4,0.8,10.7,76.1,215,24.0,0.98,2.7,0.0,0.0,5.2,45,0.0,0,False,False,False,False,False,False,False,False,False,False,True,True,Indian,lunch_dinner,50
N031,Pin wheel sandwich,Sandwiches,311.5,8.8,14.0,24.9,0.9,1.4,374.4,176,67.8,1.36,0.0,0.0,0.0,7.5,68,0.0,0,True,False,False,False,False,False,False,False,False,False,True,True,Continental,breakfast,50
N641,Gun powder chutney,Accompaniments,312.3,21.6,47.6,2.7,14.0,1.2,195.7,360,68.9,5.14,0.0,0.0,0.0,0.8,45,0.0,0,False,False,False,False,False,False,False,False,False,False,True,True,Indian,condiment,50
N880,Rice flakes and roasted channa,Rice Dishes,333.4,10.6,71.9,2.9,8.8,1.3,205.5,391,17.2,4.51,0.0,0.0,0.0,0.9,72,0.0,0,False,False,False,False,False,False,False,False,False,False,True,True,Indian,lunch_dinner,50
N642,Dessicated coconut chutney (Sookhe kase nariyal ki chutney),Accompaniments,346.4,12.9,36.7,15.9,13.2,10.4,321.1,282,73.6,5.44,0.2,0.0,0.0,4.8,45,0.0,0,False,False,False,False,False,False,False,False,False,False,True,True,Indian,condiment,50
N654,Checker board sandwich,Sandwiches,348.4,7.4,25.9,24.6,2.2,2.9,358.2,216,188.0,1.11,0.0,0.0,0.0,7.4,68,0.0,0,True,False,False,False,False,False,False,False,False,False,True,True,Continental,breakfast,50
N342,Jam tart,Indian Foods,360.7,4.4,46.2,17.4,1.1,14.7,70.3,269,12.2,0.74,0.0,0.0,0.0,5.2,75,0.0,0,False,False,False,False,False,False,False,False,False,False,True,True,Indian,lunch_dinner,50
F006,Quinoa,Breads & Flatbreads,368.0,14.0,64.0,6.0,7.0,0.0,5.0,563,47.0,4.6,0.0,0.0,0.0,1.0,53,0.0,0,False,False,False,False,False,False,False,False,False,False,True,True,South American,lunch_dinner,50
F196,Murmura (Puffed Rice),Indian Foods,372.0,6.5,82.5,0.5,1.2,0.5,8.0,95,12.0,1.8,0.0,0.0,0.0,0.1,82,0.0,0,False,False,False,False,False,False,False,False,False,False,True,True,Indian,snack,50
F195,Papad,Indian Foods,372.0,20.5,58.5,4.2,5.5,1.2,1580.0,425,52.0,4.5,0.0,0.0,0.0,0.5,62,0.0,0,False,False,False,False,False,False,False,False,False,False,True,True,Indian,snack,50
N097,Tamarind rice (Chintapandu pulihora/Puliyodharai/Puli sadam/Huli anna),Rice Dishes,373.0,7.4,65.1,8.5,5.1,11.6,162.4,352,50.9,2.89,0.8,0.0,0.0,2.6,45,0.0,0,False,False,False,False,False,False,False,False,False,False,True,True,Indian,lunch_dinner,50
N721,Besan bathua chilla/cheela,Indian Foods,373.8,11.5,40.6,18.6,7.8,1.4,166.4,294,64.8,2.68,2.0,0.0,0.0,5.6,45,0.0,0,False,False,False,False,False,False,False,False,False,False,True,True,Indian,lunch_dinner,50
F093,Pea Protein Powder,Beverages,380.0,80.0,8.0,8.0,5.0,2.0,450.0,500,50.0,8.0,0.0,0.0,0.0,2.0,45,0.0,0,False,False,False,False,False,False,False,False,False,False,True,True,Western,snack,50
N465,Plain dosa,South Indian Breakfast,380.9,10.3,64.1,8.4,5.2,0.7,143.0,366,19.4,1.5,0.0,0.0,0.0,2.5,45,0.0,0,True,False,False,False,False,False,False,False,False,False,True,True,Indian,breakfast,50
F005,Oats,Breads & Flatbreads,389.0,17.0,66.0,7.0,10.0,1.0,2.0,429,54.0,4.7,0.0,0.0,0.0,1.2,55,0.0,0,True,False,False,False,False,False,False,False,False,False,True,True,Western,breakfast,50
N384,Masala biscuit,Vegetable Dishes,393.6,6.1,45.2,20.8,2.1,6.8,714.5,282,53.7,1.32,0.2,0.0,0.0,6.2,72,0.0,0,True,False,False,False,False,False,False,False,False,False,True,True,Indian,lunch_dinner,50
N380,Sweet and salty biscuit (Meethay aur namkeen biscuit),Snacks & Street Food,408.0,6.2,45.1,22.4,1.7,7.2,414.7,285,37.2,1.05,0.0,0.0,0.0,6.7,75,0.0,0,True,False,False,False,False,False,False,False,False,False,True,True,Indian,lunch_dinner,50
N685,Flan pastry,Indian Foods,445.8,6.7,47.8,25.0,1.6,6.2,193.2,304,21.8,1.15,0.0,0.0,0.0,7.5,72,0.0,0,False,False,False,False,False,False,False,False,False,False,True,True,Indian,lunch_dinner,50
